date,event_name,event_date,GPR_custom,F3_raw,GPR,GPR_zscore,N,mean_tone,BTC,Gold,TLT,DXY,SP500,NASDAQ,VIX,fear_greed,fg_label,fear_greed_lag1
2019-05-20,hormuz,2019-06-13,0.675399868,3.426078742,106.4719009,0.0629692189,2480,-4.320848208,-0.02712584602869586,0.0012545877919818633,-0.0020657444623495254,-0.0007145378216042793,-0.006772257975405369,-0.014679353767466347,16.309999465942383,73,Greed,
2019-05-21,hormuz,2019-06-13,0.157622522,2.680402386,106.4719009,0.0629692189,2163,-3.720874634,-0.0018795372127934414,-0.003218067708084531,-0.001592013198909453,0.001326570477053818,0.008459949093190606,0.010761957357637741,14.949999809265137,68,Greed,73.0
2019-05-22,hormuz,2019-06-13,-0.076328813,2.343477683,106.4719009,0.0629692189,1613,-4.03719605,-0.0362187635444826,0.0012570520207180209,0.005719304049745687,0.000509793070372368,-0.0028283923638994365,-0.004490109723692007,14.75,69,Greed,68.0
2019-05-23,hormuz,2019-06-13,-0.128596939,2.268203812,106.4719009,0.0629692189,1707,-3.74407946,0.025934032858881368,0.00875558527616713,0.011184727334699806,-0.002653626148370028,-0.01198569224128196,-0.015938838659661676,16.920000076293945,65,Greed,69.0
2019-05-24,hormuz,2019-06-13,-0.475569577,1.768511629,106.4719009,0.0629692189,1385,-3.425996241,0.027711476669699246,-0.0014020165813160776,0.0008612301308655441,-0.002455724808188649,0.0013526437720373175,0.0011437688609085457,15.850000381469727,64,Greed,65.0
2019-05-28,hormuz,2019-06-13,-0.505804911,1.724968253,106.4719009,0.0629692189,1165,-3.833166011,-0.009793263049045299,-0.005079127934097918,0.007174065268864191,0.0035792692982014075,-0.008410950000260244,-0.003891236583184043,17.5,71,Greed,64.0
2019-05-29,hormuz,2019-06-13,-0.186162688,2.185300574,106.4719009,0.0629692189,1427,-4.136030235,-0.00695935212814635,0.0032067413386132966,0.0030257162600661417,0.001835801704528244,-0.00693591016723137,-0.007923681900655634,17.899999618530273,71,Greed,71.0
2019-05-30,hormuz,2019-06-13,-0.216148323,2.142116802,106.4719009,0.0629692189,1406,-4.101324583,-0.040056647967728856,0.005062907666908317,0.008561899185503704,0.0,0.002096272674997037,0.002700645421923486,17.299999237060547,73,Greed,71.0
2019-05-31,hormuz,2019-06-13,-0.57267046,1.628671922,106.4719009,0.0629692189,1531,-2.91965443,0.01654990235854181,0.014424310458736921,0.012441521323924455,-0.00398182557708955,-0.013283205250452958,-0.015255112850742032,18.709999084472656,61,Greed,73.0
2019-06-03,hormuz,2019-06-13,-0.63934054,1.532657095,106.5884552,0.0653859065,1053,-3.697141851,-0.06301805868386157,0.012859147970708999,0.004616503453707573,-0.006259968231091945,-0.002769070654307939,-0.016249309549947098,18.860000610351562,66,Greed,61.0
2019-06-04,hormuz,2019-06-13,-1.069231182,0.913550659,106.5884552,0.0653859065,762,-2.890306474,-0.06300147834270085,0.0005291359094371339,-0.011466957813398397,-0.0007208660541215514,0.021205927081077776,0.026125074932523477,16.969999313354492,42,Fear,66.0
2019-06-05,hormuz,2019-06-13,-1.083439053,0.893089213,106.5884552,0.0653859065,570,-3.640079635,0.014996473539935253,0.003695764872375826,-0.005667832637756076,0.0030858186180851644,0.008128726978813691,0.006404199045652896,16.09000015258789,27,Fear,42.0
2019-06-06,hormuz,2019-06-13,-1.154203903,0.791177308,106.5884552,0.0653859065,712,-2.653780213,-0.00028224106582634646,0.006976979179977753,0.0032208476005683552,-0.003497986741816167,0.006116840676004416,0.005275470816131185,15.930000305175781,34,Fear,27.0
2019-06-07,hormuz,2019-06-13,-0.767387142,1.348250952,106.5884552,0.0653859065,1082,-3.180927431,-0.005757522050397937,0.0026877541074792105,0.008614536647041518,-0.004337934609427309,0.010442979247260026,0.016480797282314514,16.299999237060547,27,Fear,34.0
2019-06-10,hormuz,2019-06-13,-0.817734712,1.275742966,106.5884552,0.0653859065,925,-3.425506118,0.03981203302759007,-0.012378717355321674,-0.009457098146807653,0.0015514459723424503,0.004649220074765499,0.010416852029554056,15.9399995803833,46,Fear,27.0
2019-06-11,hormuz,2019-06-13,-1.022138431,0.981371223,106.5884552,0.0653859065,737,-3.195157293,-0.009117973017984032,0.001282541956835377,0.0006128530182133712,-0.0007236980741580867,-0.0003499414579512858,-7.671067859787108e-05,15.989999771118164,61,Greed,46.0
2019-06-12,hormuz,2019-06-13,-0.493174879,1.743157377,106.5884552,0.0653859065,1216,-3.74268371,0.027144739690551607,0.004137988749946852,0.0007654509049308315,0.0032009687580950587,-0.002039657827237423,-0.003823130490430538,15.90999984741211,60,Greed,61.0
2019-06-13,hormuz,2019-06-13,1.308017408,4.337142049,106.5884552,0.0653859065,3707,-4.200137766,0.010388753446054437,0.0054658717373067345,0.003437704093865398,0.00010310949053337827,0.004089010502850191,0.0056826888551269935,15.819999694824219,63,Greed,60.0
2019-06-14,hormuz,2019-06-13,1.465052701,4.563296217,106.5884552,0.0653859065,4180,-4.105231971,0.029571238953311804,0.0006718355335490992,0.0025134391272304294,0.005755977998179947,-0.0016128117861529605,-0.005177224058406514,15.279999732971191,67,Greed,63.0
2019-06-17,hormuz,2019-06-13,0.24670592,2.808695724,106.5884552,0.0653859065,2784,-3.274025392,0.03558847752156163,-0.0010452624905258059,0.0017480203541809587,-0.0001025176690412685,0.0009313154323528439,0.006183481163924349,15.350000381469727,84,Extreme Greed,67.0
2019-06-18,hormuz,2019-06-13,0.936315993,3.801836751,106.5884552,0.0653859065,3679,-3.699208237,-0.025932150849555906,0.005883921663461859,0.004999280528416376,0.000819690950664302,0.009670489592970687,0.013780907123609843,15.149999618530273,83,Extreme Greed,84.0
2019-06-19,hormuz,2019-06-13,0.449551322,3.10082326,106.5884552,0.0653859065,2352,-4.057318817,0.020894883881637273,-0.001486326103211523,0.0014344612150906197,-0.005339883682238628,0.0029807167930238428,0.004195417041413874,14.329999923706055,82,Extreme Greed,83.0
2019-06-20,hormuz,2019-06-13,2.022407394,5.365969836,106.5884552,0.0653859065,5132,-4.279816491,0.02698349626412288,0.03529136934367409,0.0026372777458322522,-0.005058132003962697,0.00942760533587314,0.00798325556730158,14.75,81,Extreme Greed,82.0
2019-06-21,hormuz,2019-06-13,2.616934292,6.222176957,106.5884552,0.0653859065,6527,-4.347237741,0.043504435274250526,0.0023663033426528273,-0.011047378983738584,-0.004251974629626087,-0.0012600162797279978,-0.0024410659418996517,15.399999618530273,84,Extreme Greed,81.0
2019-06-24,hormuz,2019-06-13,2.269509033,5.721832932,106.5884552,0.0653859065,5730,-4.289986105,0.014244096327892747,0.012880517986897823,0.0074288622422430265,-0.0024973775524480095,-0.0017333884605870258,-0.0032436394874329377,15.260000228881836,80,Extreme Greed,84.0
2019-06-25,hormuz,2019-06-13,1.800130146,5.045857553,106.5884552,0.0653859065,4872,-4.146446895,0.0684254031313087,0.00042413090583868053,0.0030916862474984616,0.0018736374649532968,-0.009541775640387554,-0.015227075799194738,16.280000686645508,87,Extreme Greed,80.0
2019-06-26,hormuz,2019-06-13,0.703519578,3.466575305,106.5884552,0.0653859065,3083,-3.776678642,0.09886766271923943,-0.002335078951077535,-0.00642024997791971,0.0005197839868493386,-0.0012346956788039985,0.0031972796962940323,16.209999084472656,95,Extreme Greed,87.0
2019-06-27,hormuz,2019-06-13,0.207561151,2.752321437,106.5884552,0.0653859065,2813,-3.186096626,-0.15181967393698742,-0.0022694698902970736,0.007022286514981928,-0.00020786531164056955,0.0038158857925908473,0.007279353665325068,15.819999694824219,92,Extreme Greed,95.0
2019-06-28,hormuz,2019-06-13,-0.0878715393,2.326854441,106.5884552,0.0653859065,2571,-2.862736093,-0.011081384100695748,0.0009225555241278228,-0.0006774027641129563,-0.0006240140394201017,0.005740941840599626,0.004817896980649358,15.079999923706055,62,Greed,92.0
2019-07-01,hormuz,2019-06-13,-0.12697712,2.270536591,93.52125549,-0.205555196,2240,-3.074602986,-0.02187165092867407,-0.017243639951311836,-0.0043010219773391475,0.007358680747589563,0.007643018610953927,0.010550860088116325,14.0600004196167,65,Greed,62.0
2019-07-02,hormuz,2019-06-13,-0.256786086,2.083592382,93.52125549,-0.205555196,1648,-3.53162262,0.020439793649304375,0.013619306155092862,0.007683570860866895,-0.0011364673551580555,0.002923847276988696,0.0022135084113789004,12.930000305175781,63,Greed,65.0
2019-07-03,hormuz,2019-06-13,-0.477196599,1.766168476,93.52125549,-0.205555196,1277,-3.647176249,0.018794854812341937,0.009283258338381215,0.00710372152181435,0.00041336730441638586,0.007643095660684157,0.007511422448441609,12.569999694824219,79,Extreme Greed,63.0
2019-07-05,hormuz,2019-06-13,-0.197532189,2.168926803,93.52125549,-0.205555196,1556,-3.840251701,0.006924165208403786,-0.014923529329707681,-0.013351638802271908,0.004947988295522141,-0.0018075342045486649,-0.0010335454092590523,13.279999732971191,67,Greed,79.0
2019-07-08,hormuz,2019-06-13,0.0446447312,2.517697572,93.52125549,-0.205555196,2685,-3.007358111,0.07039331175600369,0.00021480390487373257,0.0013583456595830724,0.0013358400512131527,-0.004847173010123794,-0.007799485245406705,13.960000038146973,74,Greed,67.0
2023-09-11,israel_hamas_war,2023-10-07,-0.8631036993174367,0.5914338579387585,98.6348114013672,-0.09952846449934,657,-4.919107636617996,-0.026261881067480307,0.0025509680494884674,-0.007231769116198552,-0.004960390338031698,0.006700951498135517,0.011297999643260736,13.800000190734863,40,Fear,
2023-09-12,israel_hamas_war,2023-10-07,-0.927977925264382,0.4266571296999801,98.6348114013672,-0.09952846449934,619,-3.753864267526754,0.0263051279529175,-0.006258821711373876,0.005747151822115979,0.0013379148638041805,-0.005712169023003997,-0.010420569666451177,14.229999542236328,30,Fear,40.0
2023-09-13,israel_hamas_war,2023-10-07,-0.7487469874681,0.8818931976168717,98.6348114013672,-0.09952846449934,1027,-4.843495698707728,0.015173852958685846,-0.001151750325271196,-0.00021231450092243446,0.0005728237679779794,0.0012408621175346041,0.002898410849430943,13.479999542236328,41,Fear,30.0
2023-09-14,israel_hamas_war,2023-10-07,-0.8978330500359349,0.5032233444147716,98.6348114013672,-0.09952846449934,681,-4.046450335579732,0.011800835130971608,0.0004713280283196849,-0.007244095947635319,0.006090103684779919,0.00839458553366625,0.008108294015120471,12.819999694824219,45,Fear,41.0
2023-09-15,israel_hamas_war,2023-10-07,-0.9932644478207214,0.2608331922595773,98.6348114013672,-0.09952846449934,381,-3.649439862708913,-6.891437714975869e-05,0.00714714748905865,-0.006112944140013737,-0.0008542112781683579,-0.012234145842493929,-0.01575748993997658,13.789999961853027,45,Fear,45.0
2023-09-18,israel_hamas_war,2023-10-07,-0.8777531375452327,0.554225144208804,98.6348114013672,-0.09952846449934,945,-3.2853179775546058,0.008260511389751386,0.00404651357660179,0.005685172598410544,-0.001140060435999011,0.0007210276941755188,0.00013933303095828577,14.0,46,Fear,45.0
2023-09-19,israel_hamas_war,2023-10-07,-0.8923396973171012,0.5171761380683142,98.6348114013672,-0.09952846449934,862,-3.3372810546872307,0.016931102662432373,0.00025883266612720474,-0.0074077831759198996,0.0,-0.0021533273615331264,-0.0023403910731377756,14.109999656677246,46,Fear,46.0
2023-09-20,israel_hamas_war,2023-10-07,-0.8456508450572487,0.6357630839363662,98.6348114013672,-0.09952846449934,803,-4.38170876680668,-0.0029114788993918343,0.007014664451038297,0.0031200551114725153,-0.00038023660865774264,-0.009439204206291041,-0.015402233250557203,15.140000343322754,47,Neutral,46.0
2023-09-21,israel_hamas_war,2023-10-07,-0.9762573166295226,0.3040303078090595,98.6348114013672,-0.09952846449934,563,-2.926437999382902,-0.021020467716698094,-0.013661993139932882,-0.026009404314581083,0.0019000285421893555,-0.016536918318488084,-0.01836850809980194,17.540000915527344,47,Neutral,47.0
2023-09-22,israel_hamas_war,2023-10-07,-0.9741292207262768,0.3094355465644626,98.6348114013672,-0.09952846449934,620,-2.718360930872435,-0.003922554478825442,0.003225343940292486,0.008016332039776242,0.002085913510251903,-0.0022982374027607495,-0.000920789526580765,17.200000762939453,43,Fear,47.0
2023-09-25,israel_hamas_war,2023-10-07,-1.0070522218492886,0.2258130550485241,98.6348114013672,-0.09952846449934,374,-3.216526672326656,0.001585160786217759,-0.004580980852414224,-0.024916852892792163,0.003970117373779511,0.0040149942038066174,0.004494245402148282,16.899999618530273,47,Neutral,43.0
2023-09-26,israel_hamas_war,2023-10-07,-1.0109100476297006,0.2160144038749231,98.6348114013672,-0.09952846449934,738,-1.610821877119918,-0.003093569595525136,-0.008488367011878772,-0.003482143965352395,0.002167492280471816,-0.014844165482264943,-0.015774810335509794,18.940000534057617,46,Fear,47.0
2023-09-27,israel_hamas_war,2023-10-07,-0.9894723337783304,0.2704649394734024,98.6348114013672,-0.09952846449934,448,-3.2379731560874,0.005153782852789497,-0.015270736211994373,-0.005189531816395589,0.00413335307925102,0.00022928777229479233,0.0022357207386172074,18.219999313354492,44,Fear,46.0
2023-09-28,israel_hamas_war,2023-10-07,-0.928610586411341,0.425050207500015,98.6348114013672,-0.09952846449934,602,-3.8395496653345456,0.02506320623495958,-0.006002135474614082,0.003049261349822208,-0.00422751298532157,0.005875877143000698,0.008247565459463053,17.34000015258789,46,Fear,44.0
2023-09-29,israel_hamas_war,2023-10-07,-1.011197335747707,0.2152847089081466,98.6348114013672,-0.09952846449934,348,-3.2878060843515784,0.011663134802256793,-0.006633460391607215,0.0001127827263480869,-0.0004708607074283352,-0.002713259648289315,0.0013656042229136642,17.520000457763672,48,Neutral,46.0
2023-10-02,israel_hamas_war,2023-10-07,-1.0369651307967012,0.149836021079902,197.8870086669922,1.9584105246767192,398,-2.010003933987739,-0.01631914578851585,-0.009842104245885983,-0.02004397031420834,0.00685226652584993,7.936440615299324e-05,0.0066686204218012355,17.610000610351562,50,Neutral,48.0
2023-10-03,israel_hamas_war,2023-10-07,-0.9955195531520036,0.2551053570076178,197.8870086669922,1.9584105246767192,403,-3.381244708066698,-0.0036683170659445614,-0.002955195304593962,-0.021746339478244253,0.0009350021570161637,-0.013839395863449198,-0.018834519788316916,19.780000686645508,50,Neutral,50.0
2023-10-04,israel_hamas_war,2023-10-07,-1.034370987146395,0.1564249937734403,197.8870086669922,1.9584105246767192,401,-2.0832650740916536,0.013377719302482879,-0.0033487861038289848,0.014009154861393902,-0.0018708793613008015,0.008077047607828946,0.013427607709577042,18.579999923706055,49,Neutral,50.0
2023-10-05,israel_hamas_war,2023-10-07,-0.964445545172108,0.3340315144060934,197.8870086669922,1.9584105246767192,471,-3.811632906541667,-0.013890662255842758,-0.0010453767983573286,-0.004997398921082094,-0.004410472217120931,-0.0013048811469951228,-0.0012231469205094174,18.489999771118164,48,Neutral,49.0
2023-10-06,israel_hamas_war,2023-10-07,-0.9516934436198804,0.3664211042820971,197.8870086669922,1.9584105246767192,450,-4.368043974085708,0.0062533401084251955,0.007458615173471331,-0.012190994950134924,-0.002731092828867336,0.011745642093961117,0.015872789597602428,17.450000762939453,50,Neutral,48.0
2023-10-09,israel_hamas_war,2023-10-07,1.748574731809167,7.22494386613163,197.8870086669922,1.9584105246767192,15672,-5.167659015734556,-0.012659387727925962,0.010490108470351069,0.023198544190065354,0.000377153644008798,0.006284068119387409,0.003930842923497506,17.700000762939453,50,Neutral,50.0
2023-10-10,israel_hamas_war,2023-10-07,1.5912897392123375,6.825449211623366,197.8870086669922,1.9584105246767192,14547,-5.083969163014672,-0.0070090060125914885,0.006198645369741984,-0.001383707733442076,-0.0023594932911438103,0.005194476099985354,0.00581207512287195,17.030000686645508,50,Neutral,50.0
2023-10-11,israel_hamas_war,2023-10-07,1.389419285229198,6.312710100676257,197.8870086669922,1.9584105246767192,12938,-5.020878321103139,-0.019081220842271783,0.0063206856067081355,0.020671066723106153,-9.451581541042123e-05,0.004283819500095073,0.007114716338778236,16.09000015258789,47,Neutral,50.0
2023-10-12,israel_hamas_war,2023-10-07,1.2873653302446395,6.053499041727585,197.8870086669922,1.9584105246767192,12588,-4.890750803170054,-0.00434538164717781,-0.0018706079095983437,-0.027502610177513855,0.007062508777175011,-0.006266024940654918,-0.006276019467433243,16.690000534057617,45,Fear,47.0
2023-10-13,israel_hamas_war,2023-10-07,1.3601537407079487,6.238377334374252,197.8870086669922,1.9584105246767192,13516,-4.840605326704862,0.004981299819124176,0.03060790174466398,0.017734238529247187,0.000750415855463118,-0.005031495660219892,-0.012378236809596068,19.31999969482422,44,Fear,45.0
2023-10-16,israel_hamas_war,2023-10-07,1.1012015375625308,5.580653929097389,197.8870086669922,1.9584105246767192,11159,-4.837115611198481,0.04885439730476576,-0.003274031158004244,-0.01622501137853685,-0.0038517936041772755,0.010538642302589985,0.011918490887931534,17.209999084472656,47,Neutral,44.0
2023-10-17,israel_hamas_war,2023-10-07,1.1490729275233915,5.70224445135571,197.8870086669922,1.9584105246767192,11712,-4.803606246859664,-0.0036433994327744555,0.0008324968566677746,-0.011082026102797744,9.414218399375051e-05,-9.824987944376507e-05,-0.0025260738971380563,17.8799991607666,52,Neutral,47.0
2023-10-18,israel_hamas_war,2023-10-07,1.7472808327150062,7.221657438335463,197.8870086669922,1.9584105246767192,14412,-5.406794676792559,-0.0030807197496875486,0.016813236521731816,-0.008836581800498,0.0030072355647203807,-0.013490408251151898,-0.016347934715319135,19.219999313354492,50,Neutral,52.0
2023-10-19,israel_hamas_war,2023-10-07,0.944189493335054,5.181852547435521,197.8870086669922,1.9584105246767192,10354,-4.697654277626699,0.013724231161473081,0.006677383090401854,-0.020685898023195537,-0.0030072355647205343,-0.008519032328057976,-0.009669343186968733,21.399999618530273,52,Neutral,50.0
2023-10-20,israel_hamas_war,2023-10-07,0.7661534415371107,4.729651419859739,197.8870086669922,1.9584105246767192,10105,-4.351610744225456,0.014468966284621737,0.007137632114181281,0.005662339521992039,-0.0008473832844427251,-0.012665149196155915,-0.0154661241245098,21.709999084472656,53,Neutral,52.0
2023-10-23,israel_hamas_war,2023-10-07,0.5713871271276169,4.234956406685053,197.8870086669922,1.9584105246767192,7558,-4.684169193394642,0.09812340552916099,-0.0031322401557761035,0.01194186660493385,-0.00585738786786636,-0.0016869920654349177,0.0026552067299372116,20.3700008392334,53,Neutral,53.0
2023-10-24,israel_hamas_war,2023-10-07,0.6643533905927319,4.471085262278547,197.8870086669922,1.9584105246767192,8404,-4.616092663560447,0.024342751787773464,-0.0006580360180047346,0.013090588895689178,0.006892957143663121,0.0072395235196288195,0.009292758124781704,18.969999313354492,66,Greed,53.0
2023-10-25,israel_hamas_war,2023-10-07,0.7284445596620346,4.633873071983972,197.8870086669922,1.9584105246767192,8201,-4.859918913294294,0.017581001125127033,0.004597000160347399,-0.022512817824600247,0.00244363036845258,-0.014443434657238052,-0.024549539026552575,20.190000534057617,72,Greed,66.0
2023-10-26,israel_hamas_war,2023-10-07,0.6309197447031356,4.386165763011042,197.8870086669922,1.9584105246767192,7370,-4.932784373628491,-0.010083818433932462,0.0015611896722705911,0.015222156291609909,0.0006568732533501358,-0.011903081205584871,-0.017753220983615987,20.68000030517578,71,Greed,72.0
2023-10-27,israel_hamas_war,2023-10-07,0.7243043182833214,4.623357101757813,197.8870086669922,1.9584105246767192,8853,-4.617842744890979,0.003705609307655099,0.0007042731011225338,-0.004257849098010167,-0.0003753135366989536,-0.00481183857862075,0.003756106282327187,21.270000457763672,70,Greed,71.0
2023-10-30,israel_hamas_war,2023-10-07,0.5520651530443587,4.185879725983575,197.8870086669922,1.9584105246767192,7444,-4.676525557064704,-0.001046255776520464,0.003814487522985263,-0.004514202028354859,-0.0041376287295944916,0.011938474300285915,0.01151851990931157,19.75,68,Greed,70.0
2023-10-31,israel_hamas_war,2023-10-07,0.774040179356662,4.749683271267807,197.8870086669922,1.9584105246767192,8188,-4.986476042315775,0.004782938801692802,-0.0055257086747362814,-0.0048934397756142415,0.005075684355487328,0.006454084821688244,0.0048173283252429125,18.139999389648438,66,Greed,68.0
2023-11-01,israel_hamas_war,2023-10-07,0.7513739070379469,4.692112269232246,156.69613647460938,1.1043407487098431,8110,-4.956572249119638,0.021952875620689455,-0.0032290150880346837,0.018022738721328226,0.002060444583647433,0.010451194990191868,0.016226331029161344,16.8700008392334,66,Greed,66.0
2024-03-06,israel_iran_war,2024-04-01,-0.2049012714879394,2.451842974929648,133.21316528320312,0.6174344299796027,6759,-3.286540926072343,0.03549970020086634,0.00784356635087546,0.005850999493662083,-0.004151188981361151,0.005127932853001643,0.005752092539473513,14.5,75,Greed,
2024-03-07,israel_iran_war,2024-04-01,0.3397430257833394,2.7801319974673446,133.21316528320312,0.6174344299796027,7287,-3.535825900124104,0.012308140052515397,0.0035744768391498196,-0.0009379993201879424,-0.005334927491490937,0.010251402284983627,0.014972602455950315,14.4399995803833,82,Extreme Greed,75.0
2024-03-08,israel_iran_war,2024-04-01,0.6956204589718117,2.9946401732988024,133.21316528320312,0.6174344299796027,8545,-3.418109211980462,0.010271144842071341,0.009500646655496024,-0.0017742337755938978,-0.0007783794127662577,-0.006549922992050337,-0.011636615575028668,14.739999771118164,81,Extreme Greed,82.0
2024-03-11,israel_iran_war,2024-04-01,-1.210893673760605,1.845472424320636,133.21316528320312,0.6174344299796027,6989,-2.4163055075929742,0.04399229858274628,0.001788495240181465,-0.0005224706330766984,0.001264577595948008,-0.0011228682680281005,-0.004101677893192638,15.220000267028809,82,Extreme Greed,81.0
2024-03-12,israel_iran_war,2024-04-01,-0.2625360800979567,2.4171030996063854,133.21316528320312,0.6174344299796027,7228,-3.091489608789132,-0.008949836049347838,-0.010177664197878154,-0.008396387090408497,0.0008744725533212923,0.011139512586668012,0.015262542530885511,13.84000015258789,81,Extreme Greed,82.0
2024-03-13,israel_iran_war,2024-04-01,0.0525024956962896,2.606995303797863,133.21316528320312,0.6174344299796027,8055,-3.095930400087782,0.02216689906407544,0.006919166252700285,-0.004860010575975959,-0.001652473464197943,-0.0019263840021219723,-0.0054168371491861355,13.75,81,Extreme Greed,81.0
2024-03-14,israel_iran_war,2024-04-01,-0.5189740978427457,2.262532884497698,133.21316528320312,0.6174344299796027,6444,-3.1371008353094125,-0.0233524614583823,-0.0057163638155206895,-0.015476022127641268,0.005529965007790918,-0.002875221051495188,-0.0030482782762357463,14.399999618530273,88,Extreme Greed,81.0
2024-03-15,israel_iran_war,2024-04-01,-0.6419611117417524,2.188401406797446,133.21316528320312,0.6174344299796027,5553,-3.379666866273197,-0.01433813593122901,-0.0026386845425951824,-0.0003227236723825544,0.0006770124008702463,-0.0065040228597376655,-0.009679335585673908,14.40999984741211,83,Extreme Greed,88.0
2024-03-18,israel_iran_war,2024-04-01,0.1078883762813275,2.6403796184611177,133.21316528320312,0.6174344299796027,5438,-4.141125911095183,-0.012388507554368627,0.0015747582428707817,-0.0030172304149487144,0.0014492203331648618,0.006298184238480456,0.008123112057246386,14.329999923706055,77,Extreme Greed,83.0
2024-03-19,israel_iran_war,2024-04-01,-0.2233491323529786,2.4407233685339915,133.21316528320312,0.6174344299796027,5717,-3.689685056937333,-0.08712073185700822,-0.0020384080923120792,0.0028019686859861383,0.0022180030136969703,0.00563325304434312,0.003925593651015304,13.819999694824219,79,Extreme Greed,77.0
2024-03-20,israel_iran_war,2024-04-01,-1.2686024100363045,1.8106879884626783,133.21316528320312,0.6174344299796027,5086,-2.9849393672181983,0.09251085296877404,0.0007416687251718953,-0.00032289736775934874,-0.0038605770767512954,0.008864765516360184,0.012455218210947248,13.039999961853027,74,Greed,79.0
2024-03-21,israel_iran_war,2024-04-01,-1.0789711372047408,1.9249898649577624,133.21316528320312,0.6174344299796027,5001,-3.2137905209598028,-0.03631867422621332,0.01128966261576579,0.002150736960210429,0.0056891945309959875,0.003231309094528888,0.0019791553929582907,12.920000076293945,78,Extreme Greed,74.0
2024-03-22,israel_iran_war,2024-04-01,-0.0239416971967611,2.5609179107373365,133.21316528320312,0.6174344299796027,5430,-4.020874765721288,0.008754311721306805,-0.011196893703511956,0.009515301605380335,0.004126094272384448,-0.0014031718343267125,0.0016436145173748741,13.0600004196167,75,Greed,78.0
2024-03-25,israel_iran_war,2024-04-01,-0.0143187413094438,2.566718229951176,133.21316528320312,0.6174344299796027,4673,-4.511108917075251,0.0397250476948794,0.00770847852509448,-0.005013624102031977,-0.00191696545554607,-0.0030596403820319297,-0.002703150766510057,13.1899995803833,75,Greed,75.0
2024-03-26,israel_iran_war,2024-04-01,0.6173879701647571,2.947484869534799,133.21316528320312,0.6174344299796027,5546,-4.556189768864401,0.0004147786065640333,0.0003678047123048936,0.002776534339582158,0.0005754609535789789,-0.002803721982805726,-0.0042061314856176105,13.239999771118164,81,Extreme Greed,75.0
2024-03-27,israel_iran_war,2024-04-01,-0.4307909874726482,2.3156860107725405,133.21316528320312,0.6174344299796027,4642,-4.090633821149669,-0.007637444542951766,0.006870990033479146,0.009869028334622016,0.0005751299887180655,0.008593595582706042,0.005124191128412015,12.779999732971191,83,Extreme Greed,81.0
2024-03-28,israel_iran_war,2024-04-01,-0.3256196366996574,2.379078944687788,133.21316528320312,0.6174344299796027,5043,-3.94700572212838,0.006671033401824215,0.012159770828042574,-0.0008450687359993567,0.001914836163591765,0.0011158627007616052,-0.001223929062305774,13.010000228881836,80,Extreme Greed,83.0
2024-04-01,israel_iran_war,2024-04-01,1.0823482907362012,3.227743691529194,163.9473419189453,1.2546904519258637,5592,-4.959183309489499,-0.023137002333257977,0.008576849575533693,-0.02211982723684289,0.004485321180905204,-0.0020156145269577246,0.0010599197647428984,13.649999618530273,79,Extreme Greed,80.0
2024-04-02,israel_iran_war,2024-04-01,1.1684814319438808,3.2796611813052534,163.9473419189453,1.2546904519258637,8663,-3.7094493690610095,-0.06299090436988572,0.010895049405066982,-0.005525796879434063,-0.001906185782411976,-0.007265388203672426,-0.009582972492889119,14.609999656677246,79,Extreme Greed,79.0
2024-04-03,israel_iran_war,2024-04-01,0.1011812339255873,2.636336830867419,163.9473419189453,1.2546904519258637,7604,-3.256006148575788,0.00812374307331999,0.014664135564459967,-0.00021736686738064206,-0.005452729783682321,0.001090527523337898,0.002276270610711924,14.329999923706055,71,Greed,79.0
2024-04-04,israel_iran_war,2024-04-01,0.3431688791290029,2.782196959960921,163.9473419189453,1.2546904519258637,6967,-3.650816421792769,0.03759886271186141,-0.002443644773025144,0.007146794610121761,-0.0012477541735412166,-0.01241103561926225,-0.01412979441752408,16.350000381469727,70,Greed,71.0
2024-04-05,israel_iran_war,2024-04-01,0.7716651140386384,3.040476741507044,163.9473419189453,1.2546904519258637,7740,-3.709881590336099,0.004128107102634252,0.015993363911782323,-0.014016646251392997,0.0017272847607795903,0.011038050135699558,0.012350266927405954,16.030000686645508,79,Extreme Greed,70.0
2024-04-08,israel_iran_war,2024-04-01,-0.5075482151679652,2.269419933299506,163.9473419189453,1.2546904519258637,5697,-3.439532600222821,0.03218579409702191,0.002576546332762105,-0.00010945052715613159,-0.001535249392271677,-0.0003747011900415767,0.00033477013589796743,15.1899995803833,76,Extreme Greed,79.0
2024-04-09,israel_iran_war,2024-04-01,-0.4128009032507426,2.3265296883694044,163.9473419189453,1.2546904519258637,6323,-3.269790886538116,-0.035413761203788405,0.005047944048811655,0.009258887566625606,9.604048388484259e-05,0.0014444494736345207,0.0032357962750482324,14.979999542236328,80,Extreme Greed,76.0
2024-04-10,israel_iran_war,2024-04-01,-0.3200112533254575,2.3824594458794044,163.9473419189453,1.2546904519258637,6180,-3.4037962009416587,0.020739301242534747,-0.005948917440644637,-0.022034348134498203,0.010506290204728382,-0.009501981832212592,-0.008392406733888897,15.800000190734863,78,Extreme Greed,80.0
2024-04-11,israel_iran_war,2024-04-01,-0.7586573849937445,2.1180617269887603,163.9473419189453,1.2546904519258637,5422,-3.3291791916731577,-0.00749778258451207,0.010759197967561912,-0.004554845011810561,0.00028498341969159397,0.007417221983342437,0.016671194578158452,14.90999984741211,76,Extreme Greed,78.0
2024-04-12,israel_iran_war,2024-04-01,-0.5476111379245326,2.2452716629189102,163.9473419189453,1.2546904519258637,6137,-3.223958444669978,-0.02122417280057012,0.0005943121990892287,0.005330421960507844,0.007192934072434546,-0.014657587802248536,-0.016378758257585026,17.309999465942383,79,Extreme Greed,76.0
2024-04-15,israel_iran_war,2024-04-01,2.3695125383222777,4.0035929839987565,163.9473419189453,1.2546904519258637,8274,-4.669304330499,-0.03581099949650861,0.00406612066202905,-0.01562707907202662,0.0016018676588580145,-0.012094195787459195,-0.018095897592593342,19.229999542236328,74,Greed,79.0
2024-04-16,israel_iran_war,2024-04-01,1.209289381974836,3.3042585232668764,163.9473419189453,1.2546904519258637,7712,-4.041728281467129,0.0060619201772289105,0.010511806622644015,-0.006659501216056953,0.0004706834131283424,-0.0020586245275039964,-0.0012453143923983074,18.399999618530273,65,Greed,74.0
2024-04-17,israel_iran_war,2024-04-01,0.4001120856460019,2.816519966189547,163.9473419189453,1.2546904519258637,7085,-3.652755121444345,-0.04053958534994488,-0.00802108139040866,0.011037342789093251,-0.0029216852160503983,-0.005797375076004185,-0.011530260097776133,18.209999084472656,67,Greed,65.0
2024-04-18,israel_iran_war,2024-04-01,0.3055831038995962,2.759541811503105,163.9473419189453,1.2546904519258637,6993,-3.611665403812391,0.03584120208614769,0.004459451082454631,-0.005053033565619959,0.001885946613454383,-0.0022106017004853043,-0.005233859291835651,18.0,57,Greed,67.0
2024-04-19,israel_iran_war,2024-04-01,2.3271764129748496,3.9780745212553232,163.9473419189453,1.2546904519258637,9427,-4.256428906693514,0.007339117428949947,0.006735379565596977,0.0035959100303784757,0.0,-0.008797129654056974,-0.02069075922604826,18.709999084472656,66,Greed,57.0
2024-04-22,israel_iran_war,2024-04-01,0.6190338435686628,2.94847693384851,163.9473419189453,1.2546904519258637,7045,-3.839021722436563,0.029008901759275917,-0.02798980048135961,-0.001683991692869308,-0.0006596588253816183,0.00869335115683908,0.011017457331085515,16.940000534057617,73,Greed,66.0
2024-04-23,israel_iran_war,2024-04-01,0.0580482358489203,2.610338046250279,163.9473419189453,1.2546904519258637,6204,-3.718987325916198,-0.006460398489914604,-0.001931372558694458,0.0003370081422962272,-0.0036832395776800484,0.01189356656772209,0.01575289272990773,15.6899995803833,71,Greed,73.0
2024-04-24,israel_iran_war,2024-04-01,0.5171222654863722,2.8870488558872984,163.9473419189453,1.2546904519258637,8903,-3.2068826147018323,-0.03260630131627199,-0.0013756724603899396,-0.007101390969764769,0.0016071680745443683,0.00021298737793290078,0.0010258303746493779,15.970000267028809,72,Greed,71.0
2024-04-25,israel_iran_war,2024-04-01,1.1069800720288618,3.2425907090127946,163.9473419189453,1.2546904519258637,6911,-4.279069282448727,0.0031812827691917772,0.0022774857931127522,-0.00703831655097575,-0.0024591153729399125,-0.0045869342701194095,-0.006448023291431271,15.369999885559082,72,Greed,72.0
2024-04-26,israel_iran_war,2024-04-01,0.8033737080453097,3.059589368564094,163.9473419189453,1.2546904519258637,6514,-4.209764304331061,-0.00715038315517571,0.0021438073190774686,0.00522668038223055,0.003214562339009175,0.010157381332325343,0.020047851617305046,15.029999732971191,70,Greed,72.0
2022-01-31,russia_ukraine_war,2022-02-24,-1.2059571086745675,0.6409928408168903,138.67498779296875,0.7306822754124315,2604,-2.954788398412299,0.014804408066392667,0.005642617008805025,-0.005183574804228019,-0.00753314265410261,0.018709826222984446,0.03351274183982503,24.829999923706055,20,Extreme Fear,
2022-02-01,russia_ukraine_war,2022-02-24,-1.1676109477058347,0.6860063607430315,216.1590118408203,2.3372703260485213,3279,-2.5765605667051705,0.006737318502634114,0.002948322863412963,-0.00471647889566906,-0.0015549842519736819,0.006839560348317067,0.007424686951740739,21.959999084472656,26,Fear,20.0
2022-02-02,russia_ukraine_war,2022-02-24,-1.113012056072703,0.7500985210632566,216.1590118408203,2.3372703260485213,3589,-2.6035383385465862,-0.04731073995912287,0.0049313868291021275,0.0033812072973584515,-0.004679433942635032,0.009378400448324454,0.004975043257946109,22.09000015258789,28,Fear,26.0
2022-02-03,russia_ukraine_war,2022-02-24,-1.199031016935028,0.6491231923475761,216.1590118408203,2.3372703260485213,2894,-2.7226090829191336,0.005441215831991581,-0.0034327874115770577,-0.007836537238888235,-0.0058541374472642115,-0.024693471720120656,-0.038082241390358755,24.350000381469727,20,Extreme Fear,28.0
2022-02-04,russia_ukraine_war,2022-02-24,-1.3667109047248782,0.4522883129343287,216.1590118408203,2.3372703260485213,2425,-2.223230860304666,0.04411797883043033,0.0019946679986083213,-0.014852125196549161,0.0010479525552560794,0.005143678439863626,0.015669676475386397,23.219999313354492,20,Extreme Fear,20.0
2022-02-07,russia_ukraine_war,2022-02-24,-1.1917094430084345,0.6577177897077696,216.1590118408203,2.3372703260485213,3368,-2.412993124395321,0.033111582709537346,0.007719491459363494,0.0006473093353358288,-0.0008382421803503835,-0.003708580927828488,-0.005857652225023406,22.860000610351562,45,Fear,20.0
2022-02-08,russia_ukraine_war,2022-02-24,-1.1991386170486231,0.6489968834880965,216.1590118408203,2.3372703260485213,3146,-2.528010225021769,0.006324808965338507,0.003290198230438897,-0.00670834499162229,0.0025125417595850096,0.00836611346663433,0.01267507307453662,21.440000534057617,48,Neutral,45.0
2022-02-09,russia_ukraine_war,2022-02-24,-1.315287164449521,0.5126532490605012,216.1590118408203,2.3372703260485213,2694,-2.2922001087056203,0.00498211368199733,0.004697138876945367,0.0018799319740641506,-0.0015696286175007012,0.014412842079264784,0.020633242048742065,19.959999084472656,54,Neutral,48.0
2022-02-10,russia_ukraine_war,2022-02-24,-1.107971449658126,0.7560155524309444,216.1590118408203,2.3372703260485213,3554,-2.646527198496891,-0.01760339378138894,0.0005447513489833872,-0.016020127374601394,0.0006281950342758991,-0.01828182448505601,-0.02125413840295057,23.90999984741211,50,Neutral,54.0
2022-02-11,russia_ukraine_war,2022-02-24,-1.1093797297732475,0.7543624105408003,216.1590118408203,2.3372703260485213,3573,-2.628524854033516,-0.010631776032527162,0.002502094128990784,0.014719037986590383,0.005531494204194163,-0.019151682638086528,-0.028203050126456884,27.360000610351562,50,Neutral,50.0
2022-02-14,russia_ukraine_war,2022-02-24,-0.6690165451954713,1.2712928276402735,216.1590118408203,2.3372703260485213,5642,-3.013049792593017,0.009185768314632001,0.014668053542140463,-0.012519278646698976,0.0030137815342469367,-0.0038479907556283146,-1.671149028291235e-05,28.329999923706055,46,Fear,50.0
2022-02-15,russia_ukraine_war,2022-02-24,-0.5484338150469957,1.4128416291151515,216.1590118408203,2.3372703260485213,6209,-3.098766398491727,0.045630604487240684,-0.007091439946204802,-0.011417774093033382,-0.0039509812428535395,0.015643717646064172,0.024980271697116627,25.700000762939453,46,Fear,46.0
2022-02-16,russia_ukraine_war,2022-02-24,-0.7500073361581802,1.1762199314041557,216.1590118408203,2.3372703260485213,5100,-3.0291344765377173,-0.01385529504989858,0.008268451050258554,0.005909332220487723,-0.0030257305506146844,0.0008808197202838003,-0.0011088315071790878,24.290000915527344,51,Neutral,46.0
2022-02-17,russia_ukraine_war,2022-02-24,-0.6167467652527368,1.3326509068207624,216.1590118408203,2.3372703260485213,5764,-3.103919177367798,-0.08108233071910446,0.016176862774401283,0.007410934136587796,0.0010444502622120751,-0.021400504136936647,-0.029266332389069793,28.110000610351562,52,Neutral,51.0
2022-02-18,russia_ukraine_war,2022-02-24,-0.4629139160803505,1.5132311225863633,216.1590118408203,2.3372703260485213,5651,-3.581799861182943,-0.02232240523168698,-0.0011054540785265011,0.01047207954812998,0.002502064053499768,-0.007191961663866342,-0.012371381904165955,27.75,30,Fear,52.0
2022-02-22,russia_ukraine_war,2022-02-24,0.4506836195907304,2.585678528988684,216.1590118408203,2.3372703260485213,11572,-3.5384911301325634,0.03213453434150656,0.003942497337925904,0.002600974088741333,-0.00010415094762741463,-0.010194735435016016,-0.0123695092126878,28.809999465942383,20,Extreme Fear,30.0
2022-02-23,russia_ukraine_war,2022-02-24,0.243336565806875,2.342279437623669,216.1590118408203,2.3372703260485213,9647,-3.656733282961792,-0.026183634615420347,0.0016250236299235957,-0.013877533996185621,0.0016647976074093411,-0.018583735748788438,-0.026045544324412112,31.020000457763672,25,Extreme Fear,20.0
2022-02-24,russia_ukraine_war,2022-02-24,2.5355756358466195,5.033076806853051,216.1590118408203,2.3372703260485213,23409,-4.353110184104188,0.027399579951549815,0.008293621186042542,0.0006583404712762298,0.009827803088777518,0.014846105252724002,0.03290239021903263,30.31999969482422,23,Extreme Fear,25.0
2022-02-25,russia_ukraine_war,2022-02-24,1.7772942140605974,4.142950780494917,216.1590118408203,2.3372703260485213,22982,-3.62265476588224,-0.005460446551732668,-0.020254641338243038,0.0007308204166058794,-0.005367443081482192,0.022126080551265786,0.016271602029804714,27.59000015258789,27,Fear,23.0
2022-02-28,russia_ukraine_war,2022-02-24,1.2796354199260698,3.5587625989332805,216.1590118408203,2.3372703260485213,19453,-3.444699285171697,0.13576425730332167,0.006814799258052393,0.021681850333208567,0.0009310127092420202,-0.0024455914631261143,0.004137601983257069,30.149999618530273,20,Extreme Fear,27.0
2022-03-01,russia_ukraine_war,2022-02-24,1.128916139536764,3.381837317244989,318.9549255371094,4.468686300219987,21512,-3.07701515465104,0.026533380332524757,0.022386274771780384,0.010171926406637739,0.007212112115519748,-0.015594467786613053,-0.01604942456646288,33.31999969482422,51,Neutral,20.0
2022-03-02,russia_ukraine_war,2022-02-24,1.1412419107046556,3.396306206230338,318.9549255371094,4.468686300219987,22069,-3.0427876377715584,-0.009753715935407227,-0.011130495531632012,-0.03478049209333302,-0.00020538267164137,0.018471046780652183,0.016094447376489046,30.739999771118164,52,Neutral,51.0
2022-03-03,russia_ukraine_war,2022-02-24,0.8954962868772922,3.10783207334557,318.9549255371094,4.468686300219987,18998,-3.053082071964055,-0.03409447865241336,0.007003374578962224,0.010133862689966371,0.004098801980339983,-0.005268520744245652,-0.01568954248067703,30.479999542236328,39,Fear,52.0
2022-03-04,russia_ukraine_war,2022-02-24,0.9929414454745786,3.2222203061546253,318.9549255371094,4.468686300219987,18895,-3.1762782281919626,-0.0332637687963197,0.015745908688366235,0.017116597897881766,0.008755916249864687,-0.007965684543001903,-0.01672206226662008,31.979999542236328,33,Fear,39.0
2022-03-07,russia_ukraine_war,2022-02-24,0.910506791062499,3.1254524977159046,318.9549255371094,4.468686300219987,17934,-3.184335103802115,-0.0093603152707349,0.014549409887335826,-0.007659085507918453,0.006466622330017505,-0.029962586814416495,-0.03691308616650448,36.45000076293945,23,Extreme Fear,33.0
2022-03-08,russia_ukraine_war,2022-02-24,0.891812474878044,3.1035077461993006,318.9549255371094,4.468686300219987,20003,-2.9524605663461267,0.01758473821596099,0.022906282220362194,-0.010110535206742875,-0.002319167751884464,-0.007260043975698096,-0.0027635584486704087,35.130001068115234,21,Extreme Fear,23.0
2022-03-09,russia_ukraine_war,2022-02-24,0.9018676340256808,3.115311225223491,318.9549255371094,4.468686300219987,19650,-2.9966028027064366,0.08046083301385845,-0.026926590113771603,-0.009847310263668273,-0.011064380697839504,0.025373598122141117,0.03531887895665381,32.45000076293945,22,Extreme Fear,21.0
2022-03-10,russia_ukraine_war,2022-02-24,1.034899546747323,3.2714737849903224,318.9549255371094,4.468686300219987,19784,-3.1335573769836493,-0.06254685680053026,0.00612449262362708,-0.014471541831419417,0.005496765736485601,-0.004301049920247209,-0.009519679045179046,30.229999542236328,28,Fear,22.0
2022-03-11,russia_ukraine_war,2022-02-24,0.950146789235206,3.1719848180979704,318.9549255371094,4.468686300219987,18805,-3.1361590697997848,-0.013698015153654661,-0.007737189270018215,0.0033411096225907573,0.006173177477547135,-0.013046278933238144,-0.022034689112895123,30.75,22,Extreme Fear,28.0
2022-03-14,russia_ukraine_war,2022-02-24,0.9433584609005816,3.164016183297606,318.9549255371094,4.468686300219987,17661,-3.255344375625944,0.04689129940953424,-0.011719169211706966,-0.023625872416854453,-0.0006055625161930736,-0.007448675095533314,-0.02065674559501737,31.770000457763672,23,Extreme Fear,22.0
2022-03-15,russia_ukraine_war,2022-02-24,0.9495524013083916,3.1712870822070336,318.9549255371094,4.468686300219987,18216,-3.1991440931880275,-0.00830247189817811,-0.015997859657440227,-0.0017470909788125531,0.00010096539017436418,0.021182629724144964,0.028784023642266437,29.829999923706055,21,Extreme Fear,23.0
2022-03-16,russia_ukraine_war,2022-02-24,0.5394641802869993,2.6898956249637944,318.9549255371094,4.468686300219987,17448,-2.7891345132876326,0.044865467674200424,-0.010686925640050688,0.009759930056619867,-0.006989164455433316,0.022136921648393443,0.036989363367493,26.670000076293945,24,Extreme Fear,21.0
2022-03-17,russia_ukraine_war,2022-02-24,0.5875784408144958,2.746375652436478,318.9549255371094,4.468686300219987,16337,-2.9715590646146524,-0.004690916877794194,0.017714276252213116,-0.007481655597118063,-0.003767967371965736,0.012272205068700267,0.013177396252139886,25.670000076293945,27,Fear,24.0
2022-03-18,russia_ukraine_war,2022-02-24,0.4767938478108655,2.6163286188170107,318.9549255371094,4.468686300219987,14613,-3.0477188116350287,0.002404294173660763,-0.007182949353329487,0.01213872924695376,0.00224216578386301,0.011594814411888112,0.020289577765698643,23.8700008392334,25,Extreme Fear,27.0
2022-03-21,russia_ukraine_war,2022-02-24,0.588135776978538,2.747029894266479,318.9549255371094,4.468686300219987,13235,-3.422710520215837,-0.004125761887466681,0.00020743851021229863,-0.02342876970278158,0.002744846317045894,-0.0004347548543014596,-0.003993895696870011,23.530000686645508,30,Fear,25.0
2019-12-09,soleimani,2020-01-03,-0.5019326361069517,1.351422350131793,74.27989196777344,-0.6045141440253808,1366,-4.115294019921497,-0.021844253680856535,0.00013711159596173993,0.0021659776913390055,-0.0006142885390111692,-0.003167833684474369,-0.0040166128334494155,15.859999656677246,32,Fear,
2019-12-10,soleimani,2020-01-03,-0.7706807719940201,0.7116916414321035,74.27989196777344,-0.6045141440253808,756,-3.652344695534373,-0.016728999152694785,0.0022587550109528006,7.219188429901112e-05,-0.0023583268960564625,-0.0010975361689841293,-0.000655573457051218,15.680000305175781,26,Fear,32.0
2019-12-11,soleimani,2020-01-03,-0.8015486575482565,0.6382134227404932,74.27989196777344,-0.6045141440253808,712,-3.459133917188378,-0.008373983817170333,0.0046385136565482935,0.007830192110152248,-0.0025697705521583207,0.0029039375293507703,0.004385602160358097,14.989999771118164,20,Extreme Fear,26.0
2019-12-12,soleimani,2020-01-03,-0.7122583580500115,0.8507609307984585,74.27989196777344,-0.6045141440253808,654,-4.984499518080184,0.0035554716584630377,-0.0018392248396021497,-0.016594919626630074,0.002467084489092802,0.008538667375555057,0.007284490188919363,13.9399995803833,23,Extreme Fear,20.0
2019-12-13,soleimani,2020-01-03,-0.6813696398496859,0.924288739725933,74.27989196777344,-0.6045141440253808,672,-5.281932622510684,-0.004206598294962237,0.006049724215781696,0.011501420821195086,-0.0023642233070768786,7.25791502146863e-05,0.002012305158251767,12.630000114440918,22,Extreme Fear,23.0
2019-12-16,soleimani,2020-01-03,-0.749379964882616,0.762396292403078,74.27989196777344,-0.6045141440253808,623,-4.67109088685274,-0.031216547911036934,-0.0004066804034237166,-0.00903087494932182,-0.001029638427258675,0.007122360942542787,0.009043321870158121,12.140000343322754,24,Extreme Fear,22.0
2019-12-17,soleimani,2020-01-03,-0.6979680596354303,0.8847776978436138,74.27989196777344,-0.6045141440253808,780,-4.413655215721664,-0.043028139847750044,-0.00027123977476679824,-0.001379768424264552,0.0014412128346793487,0.0003352360284609262,0.001035275590749401,12.289999961853027,23,Extreme Fear,24.0
2019-12-18,soleimani,2020-01-03,-0.6431171126991978,1.0153454319807922,74.27989196777344,-0.6045141440253808,971,-4.161533087562194,0.09150203958984561,-0.0013572206434196252,-0.008246150661318938,0.002055334962721688,-0.0004323936405227425,0.0004962730659278205,12.579999923706055,15,Extreme Fear,23.0
2019-12-19,soleimani,2020-01-03,-0.7558810259339662,0.7469211026684491,74.27989196777344,-0.6045141440253808,941,-3.14795204940699,-0.01021559978849091,0.0037955689629014283,0.0,0.00010259720526384372,0.004449378821864254,0.0067151961767694555,12.5,21,Extreme Fear,15.0
2019-12-20,soleimani,2020-01-03,-0.795455519148996,0.6527175893777722,74.27989196777344,-0.6045141440253808,668,-3.750504481386688,0.013990343052168952,-0.002370552172288522,0.0013180485138902117,0.0029723890034826007,0.004932595804334098,0.004237582543243408,12.510000228881836,23,Extreme Fear,21.0
2019-12-23,soleimani,2020-01-03,-0.6762330315401464,0.9365159727198588,74.27989196777344,-0.6045141440253808,761,-4.777433107688666,-0.020981218944278197,0.005275305725533864,-0.0014646429198038658,-0.0005118024543353672,0.0008657687142985109,0.002315582794935925,12.609999656677246,33,Fear,23.0
2019-12-24,soleimani,2020-01-03,-0.8744782783382576,0.4646110353632195,74.27989196777344,-0.6045141440253808,457,-3.800096335823997,-0.005500283974969581,0.011135059860575142,0.002854108558468574,-0.00010242318338562411,-0.00019546730246814044,0.0008078308632286349,12.670000076293945,25,Extreme Fear,33.0
2019-12-26,soleimani,2020-01-03,-0.7443724941364707,0.7743161250696411,74.27989196777344,-0.6045141440253808,663,-4.480003240653604,-0.004986734773912115,0.006781087784430196,0.0024086857940936496,-0.000614681320776069,0.005115062410053991,0.007733971607721815,12.649999618530273,39,Fear,25.0
2019-12-27,soleimani,2020-01-03,-0.5783592523956614,1.1694956802387568,74.27989196777344,-0.6045141440253808,1103,-4.284021471584471,0.00835267640505395,0.0029770786135146807,0.001093002784841016,-0.006889114572020835,3.3984139657930306e-05,-0.0017493512374261691,13.430000305175781,38,Fear,39.0
2019-12-30,soleimani,2020-01-03,0.1775520107672267,2.9688742936051344,74.27989196777344,-0.6045141440253808,2814,-5.0471382382655445,-0.017622203333694908,0.00046227333689126925,-0.003647775061723133,-0.001858931743237913,-0.005797596079349905,-0.006754462123731196,14.819999694824219,40,Fear,38.0
2019-12-31,soleimani,2020-01-03,0.7154641102140423,4.249325551290704,74.27989196777344,-0.6045141440253808,3603,-6.021166356101786,-0.0064045390702623375,0.003295981889555684,-0.009842250450796307,-0.0036244898488808513,0.002941690644190719,0.002970032217081912,13.779999732971191,38,Fear,40.0
2020-01-02,soleimani,2020-01-03,-0.391617872996202,1.6140166983751365,138.4209442138672,0.7254148233984092,1374,-4.8905412972809525,-0.030272928096194005,0.0032851540714616823,0.011229879358016248,0.004760918634158697,0.008343895362316707,0.01324040491523017,12.470000267028809,39,Fear,38.0
2020-01-03,soleimani,2020-01-03,2.730305478116261,9.045473781123173,138.4209442138672,0.7254148233984092,15531,-5.352194235432246,0.019725299905539187,0.016072149694003442,0.015282959176324872,-0.00010327984415574736,-0.007084909364954553,-0.007886206201894253,14.020000457763672,38,Fear,39.0
2020-01-06,soleimani,2020-01-03,1.5416748833191602,6.216045810276837,138.4209442138672,0.7254148233984092,11673,-4.246847252992203,0.047161467235659664,0.010913635018349008,-0.0056946868245971154,-0.0017569967185531493,0.003527145194272564,0.00560464929813982,13.850000381469727,41,Fear,38.0
2020-01-07,soleimani,2020-01-03,1.8085765452164584,6.851381154111308,138.4209442138672,0.7254148233984092,12851,-4.453605079640783,0.04952688932640552,0.0035692183565126895,-0.004927960875800049,0.003201708756683483,-0.0028071750845948405,-0.0003185932225164833,13.789999961853027,40,Fear,41.0
2020-01-08,soleimani,2020-01-03,2.657665581088862,8.87256105504295,138.4209442138672,0.7254148233984092,19717,-4.697626883151543,-0.010321673202805576,-0.009203710678121977,-0.006632834589807974,0.003294214264470894,0.004890473485641129,0.006666774358978516,13.449999809265137,51,Neutral,40.0
2020-01-09,soleimani,2020-01-03,1.6561363550349508,6.488511024511187,138.4209442138672,0.7254148233984092,12038,-4.362217012158823,-0.02516485111441786,-0.0036667071971181846,0.0035041335007264716,0.001540374081053393,0.006633214116906491,0.008093731948921294,12.539999961853027,44,Fear,51.0
2020-01-10,soleimani,2020-01-03,1.4400094708802424,5.974040461532296,138.4209442138672,0.7254148233984092,10918,-4.228831439925172,0.013002782057436798,0.0037308990396736773,0.008851550243564078,-0.0009239396891402586,-0.0028592624875049015,-0.0026731544890028105,12.5600004196167,41,Fear,44.0
2020-01-13,soleimani,2020-01-03,0.6434529558018057,4.077909490322076,138.4209442138672,0.7254148233984092,4905,-4.667209751606525,-0.005913064387262195,-0.00585981619083129,-0.0030384032544341806,-0.00010273880423501726,0.006951994045933256,0.010304152044722969,12.319999694824219,49,Neutral,41.0
2020-01-14,soleimani,2020-01-03,0.6147953591576117,4.009692665113942,138.4209442138672,0.7254148233984092,5056,-4.497627989387079,0.0805965063783667,-0.003882494785876494,0.005130934147852357,0.00020546705429241687,-0.0015156808368957204,-0.002439870843610679,12.390000343322754,56,Greed,49.0
2020-01-15,soleimani,2020-01-03,0.3688532434101439,3.424249631297537,138.4209442138672,0.7254148233984092,5510,-3.6307187876927127,-0.0023537488141357047,0.006269176242541576,0.006609681389696781,-0.0014388428510839087,0.0018684502436879626,0.0007963377118361008,12.420000076293945,54,Neutral,56.0
2020-01-16,soleimani,2020-01-03,-0.1008901222858815,2.306067898606473,138.4209442138672,0.7254148233984092,2925,-3.807791236693484,-0.009494746324859216,-0.001999275510573253,-0.0031556160565656146,0.000925174432261699,0.008331747422232019,0.010574935886487256,12.319999694824219,55,Greed,54.0
2020-01-17,soleimani,2020-01-03,0.4517928749305169,3.621679946773718,138.4209442138672,0.7254148233984092,3458,-5.285988580368281,-0.0019027168326986269,0.006306764371860662,-0.008584999480983674,0.0029754386603104773,0.003854723247485144,0.0033938395490808416,12.100000381469727,54,Neutral,55.0
2020-01-21,soleimani,2020-01-03,-0.1620889180929766,2.1603896825175912,138.4209442138672,0.7254148233984092,2177,-4.4809185220856245,0.010141927934056931,-0.0015408479920918832,0.010450899975214343,-0.0008199429720924455,-0.002655500369585384,-0.0019329537995132332,12.850000381469727,49,Neutral,54.0
2020-01-22,soleimani,2020-01-03,-0.1896859572069739,2.0946974188963496,138.4209442138672,0.7254148233984092,2262,-4.215052606326713,-0.007461951294768086,-0.0007069933514569245,0.0035071823463407896,0.0,0.00028903429668107475,0.0013820585287682805,12.90999984741211,52,Neutral,49.0
2020-01-23,soleimani,2020-01-03,-0.4704845371438953,1.4262817145344098,138.4209442138672,0.7254148233984092,1596,-3.809061263810539,-0.03211536772319544,0.00596170020177131,0.006977569751799373,0.0016392141884711308,0.001140326193358241,0.0019919828264902454,12.979999542236328,49,Neutral,52.0
2020-01-24,soleimani,2020-01-03,-0.2165731988870596,2.030694764075298,138.4209442138672,0.7254148233984092,2225,-4.139797378584953,0.007462154976218985,0.004145810767128866,0.008056006910165187,0.0016364535918099031,-0.009083289426193788,-0.009357175174791791,14.5600004196167,40,Fear,49.0
2020-01-27,soleimani,2020-01-03,-0.2691997403768602,1.905422026563805,138.4209442138672,0.7254148233984092,1548,-5.220238891125858,0.03576042498236325,0.0036215123910229036,0.015434824647441996,0.0011235444900128861,-0.015855752356844034,-0.01903151568560962,18.229999542236328,50,Neutral,40.0
2020-01-28,soleimani,2020-01-03,-0.6477840640888832,1.0042361749430242,138.4209442138672,0.7254148233984092,997,-4.020742392906457,0.04914065669354804,-0.004831603586278797,-0.007862205300432967,0.0006122824959291072,0.010003383500352516,0.01416398205332688,16.280000686645508,54,Neutral,50.0
2026-02-02,us_israel_iran_war,2026-02-28,-0.8617906963372555,1.0362005532901724,121.61688232421876,0.3769919663538924,2296,-3.858974769195149,0.022026908157821636,-0.0195798858862585,-0.006678907838116403,0.0063720950596490725,0.005376785277364613,0.005537875214300259,16.34000015258789,14,Extreme Fear,
2026-02-03,us_israel_iran_war,2026-02-28,-0.9511819393197912,0.9096481099145672,121.61688232421876,0.3769919663538924,2539,-3.103174798649059,-0.03960046937497693,0.05905437776175919,0.0024233936986968727,-0.0017431244227656569,-0.008439495590663714,-0.014383998195300382,18.0,17,Extreme Fear,14.0
2026-02-04,us_israel_iran_war,2026-02-28,-0.6266763319789422,1.3690552747315103,121.61688232421876,0.3769919663538924,2928,-4.132081146239922,-0.035170615941758965,0.0033997461243729043,-0.0025389652049923805,0.0018455895773753915,-0.005085300155013826,-0.015191415438637374,18.639999389648438,14,Extreme Fear,17.0
2026-02-05,us_israel_iran_war,2026-02-28,-0.7320074061020342,1.2199365876106865,121.61688232421876,0.3769919663538924,2334,-4.478361122397559,-0.1523344080304475,-0.012063365980342067,0.010803488806315091,0.002046633396997335,-0.01232667785383289,-0.016019216948970093,21.770000457763672,12,Extreme Fear,14.0
2026-02-06,us_israel_iran_war,2026-02-28,-0.9619883618632102,0.8943493051168073,121.61688232421876,0.3769919663538924,2254,-3.3851215943431656,0.037958338168491056,0.018303568705588632,0.0006856080388451493,-0.0019442568864246413,0.019504344282200718,0.021532616298262724,20.3700008392334,9,Extreme Fear,12.0
2026-02-09,us_israel_iran_war,2026-02-28,-0.8361358541250864,1.072520475220332,121.61688232421876,0.3769919663538924,2261,-4.0484562744741766,-0.0020507154219692207,0.01993641500519393,-0.00022854190365578317,-0.008331213745460569,0.004680117860123293,0.0089674047455147,17.360000610351562,14,Extreme Fear,9.0
2026-02-10,us_israel_iran_war,2026-02-28,-0.7965981332554348,1.1284945842562093,121.61688232421876,0.3769919663538924,2446,-3.976589104302736,-0.01910323758989731,-0.009368841148208894,0.0114741635168939,-0.0002065555506026158,-0.0033091822845107053,-0.005878129415047189,17.790000915527344,9,Extreme Fear,14.0
2026-02-11,us_israel_iran_war,2026-02-28,-0.9928658122016396,0.850635663207828,121.61688232421876,0.3769919663538924,2453,-2.990022617035544,-0.026543221212374526,0.013458784179660236,-0.005323091231118559,0.00030985672447881836,-4.89572699497733e-05,-0.0015594902633464173,17.649999618530273,11,Extreme Fear,9.0
2026-02-12,us_israel_iran_war,2026-02-28,-0.9360818650377496,0.9310254980320902,121.61688232421876,0.3769919663538924,2280,-3.4886242941146985,-0.01156236827483507,-0.02959604886955879,0.013198970929933572,0.0010321891194974397,-0.01578494138611745,-0.020556268972196902,20.81999969482422,5,Extreme Fear,11.0
2026-02-13,us_israel_iran_war,2026-02-28,-0.8535991158670153,1.0477974892877993,121.61688232421876,0.3769919663538924,2502,-3.620270460875715,0.009705111208593836,0.01976794067778529,0.005476379724513155,-0.0005160007584456148,0.0004989646444475858,-0.002236429679229216,20.600000381469727,9,Extreme Fear,5.0
2026-02-17,us_israel_iran_war,2026-02-28,-1.0137704084099015,0.8210407315381468,121.61688232421876,0.3769919663538924,2351,-2.9949442347663715,-0.019788873300286218,-0.028088975078812035,0.00167048897430002,0.0028860709310192215,0.0010307906306565179,0.0014054695638450018,20.290000915527344,10,Extreme Fear,9.0
2026-02-18,us_israel_iran_war,2026-02-28,-1.0405298652171249,0.7831569911473832,121.61688232421876,0.3769919663538924,2216,-3.0089242594363306,-0.015963632260214883,0.020994975203204404,-0.0037904612205106967,0.005542385987225995,0.005550636821134019,0.007731881574222182,19.6200008392334,8,Extreme Fear,10.0
2026-02-19,us_israel_iran_war,2026-02-28,-0.9026456267494992,0.9783616521282332,121.61688232421876,0.3769919663538924,3703,-2.4257876066127007,0.007980125994704771,-0.0021280217137131566,0.0010047889934793172,0.002351413036237314,-0.0028261153915347848,-0.00312086822531345,20.229999542236328,9,Extreme Fear,8.0
2026-02-20,us_israel_iran_war,2026-02-28,-0.8516024373556824,1.050624215215462,121.61688232421876,0.3769919663538924,2992,-3.113246340446881,0.0034759056953285856,0.016621856057854087,-0.0023459662991365355,-0.00132833260412881,0.006915755702175204,0.008924579532416817,19.09000015258789,7,Extreme Fear,9.0
2026-02-23,us_israel_iran_war,2026-02-28,-1.009751303460099,0.8267306350970438,121.61688232421876,0.3769919663538924,2126,-3.294701409084265,-0.04601267313564273,0.028334005840505903,0.003684003037337434,-0.0010230804321085239,-0.01043995947145646,-0.011372646855227238,21.010000228881836,5,Extreme Fear,7.0
2026-02-24,us_israel_iran_war,2026-02-28,-0.8591225390706841,1.0399779011614951,121.61688232421876,0.3769919663538924,2803,-3.257971361477152,-0.00834051043874472,-0.009439844361431814,0.0017813817074696838,0.0018406827010329107,0.007622488962383376,0.010393816291662564,19.549999237060547,8,Extreme Fear,5.0
2026-02-25,us_israel_iran_war,2026-02-28,-0.7871760606836684,1.1418335452756043,121.61688232421876,0.3769919663538924,4915,-2.2546118597616336,0.05878816281087323,0.009766362602618253,0.00011125227687214205,-0.001840682701032965,0.0081034339701294,0.012535017062258312,17.93000030517578,11,Extreme Fear,8.0
2026-02-26,us_israel_iran_war,2026-02-28,-0.8367055678306969,1.0717139234926232,121.61688232421876,0.3769919663538924,3718,-2.648426280701647,-0.007478610812400483,-0.0057594670615880765,0.003995931394848043,0.0009208038736310302,-0.005380026995566101,-0.01189223131078958,18.6299991607666,11,Extreme Fear,11.0
2026-02-27,us_israel_iran_war,2026-02-28,-0.6440268085228397,1.3444919603944412,121.61688232421876,0.3769919663538924,3746,-3.302091156609969,-0.008587945151339508,0.010377723577647786,0.006074380187214567,-0.0018423782465261309,-0.004348795128037643,-0.009228853588942867,19.860000610351562,13,Extreme Fear,11.0
2026-03-02,us_israel_iran_war,2026-02-28,2.1214163868021507,5.259568893077804,297.2698059082031,4.019057431552821,19549,-4.086057521442023,0.04517399874225875,0.012142763938335153,-0.01341259460225115,0.007857550009264892,0.0003982754131349892,0.0035514629945327643,21.440000534057617,10,Extreme Fear,13.0
2026-03-03,us_israel_iran_war,2026-02-28,1.831280473532107,4.848819388872899,297.2698059082031,4.019057431552821,18059,-3.940722933212099,-0.007035921401254354,-0.0359591903930027,-0.002010727936783294,0.006787300505735298,-0.009488908731312503,-0.010258219057951072,23.56999969482422,14,Extreme Fear,10.0
2026-03-04,us_israel_iran_war,2026-02-28,1.2833216042276672,4.073066289731422,297.2698059082031,4.019057431552821,16679,-3.4669377988905024,0.06267011054362281,0.0025030895869677847,-0.003135838345534885,-0.002830923022180618,0.00772612574014956,0.012831785165597012,21.149999618530273,10,Extreme Fear,14.0
2026-03-05,us_israel_iran_war,2026-02-28,1.2924028114730794,4.085922682901072,297.2698059082031,4.019057431552821,15512,-3.6310736695450734,-0.026047184090688055,-0.01078021153640931,-0.004046320069620024,0.0055530766346594575,-0.005662707772703004,-0.002567813775343574,23.75,22,Extreme Fear,10.0
2026-03-06,us_israel_iran_war,2026-02-28,1.0819488712401908,3.787980071680205,297.2698059082031,4.019057431552821,13233,-3.7109545966492496,-0.02374763877289693,0.015825837818907902,-0.003723579264828011,-0.003328144215863656,-0.013365720432496335,-0.016009965512762212,29.489999771118164,18,Extreme Fear,22.0
2026-03-09,us_israel_iran_war,2026-02-28,1.3781135671321731,4.207264608466946,297.2698059082031,4.019057431552821,14908,-3.8296116149319768,0.036210883133673905,-0.010666682586894306,0.008666881442630076,0.0019175707865264793,0.008269871665388671,0.013675666453368,25.5,8,Extreme Fear,18.0
2026-03-10,us_israel_iran_war,2026-02-28,1.116578620699758,3.837005896373676,297.2698059082031,4.019057431552821,14040,-3.6231508019230976,0.022043063053682945,0.02678146977213648,-0.010703775972285067,-0.0035351632225681076,-0.002137402505887721,5.068576158451099e-05,24.93000030517578,13,Extreme Fear,8.0
2026-03-11,us_israel_iran_war,2026-02-28,0.927103324618801,3.5687630475406413,297.2698059082031,4.019057431552821,12536,-3.617663448936526,0.003967140831024369,-0.01198431063117268,-0.012997553875874092,0.004039200840566423,-0.0008379521856348736,0.000838136856490555,24.229999542236328,15,Extreme Fear,13.0
2026-03-12,us_israel_iran_war,2026-02-28,1.2299728371532002,3.9975396878061207,297.2698059082031,4.019057431552821,13727,-3.827758197698869,0.004102088510358853,-0.010035890037833716,-0.0019527680474479218,0.0051263569440097275,-0.015344808189494536,-0.017951507713337186,27.290000915527344,18,Extreme Fear,15.0
2026-03-13,us_israel_iran_war,2026-02-28,1.342830026866173,4.157313202908392,297.2698059082031,4.019057431552821,14768,-3.8059006591004727,0.010685816550092266,-0.012450581437074204,-0.004956500261606359,0.006196948879858502,-0.006077546398501344,-0.009303690174976419,27.190000534057617,15,Extreme Fear,18.0
2026-03-16,us_israel_iran_war,2026-02-28,0.4045691438612588,2.8290040385395407,297.2698059082031,4.019057431552821,12322,-2.899402101337272,0.028056806108927662,-0.011645978438057513,0.007712247364953624,-0.00649776392104277,0.010079909746818997,0.012087516697605948,23.510000228881836,23,Extreme Fear,15.0
2026-03-17,us_israel_iran_war,2026-02-28,0.9154179681400734,3.552219923575055,297.2698059082031,4.019057431552821,12944,-3.528621898976717,-0.012617278563279094,0.0014007005791852262,0.002748173826505813,-0.0013046040569885684,0.002491149384952951,0.004697484577481607,22.3700008392334,28,Fear,23.0
2026-03-18,us_israel_iran_war,2026-02-28,0.8446501525820145,3.452032929050589,297.2698059082031,4.019057431552821,14295,-3.2237327482626674,-0.03688417423341742,-0.022466059027850406,-0.005618934282626429,0.005108385040950412,-0.013700999383730839,-0.01465834397961231,25.09000015258789,26,Fear,28.0
2026-03-19,us_israel_iran_war,2026-02-28,1.1715440358446816,3.91482120977192,297.2698059082031,4.019057431552821,13585,-3.772853878911013,-0.01888416104762736,-0.0609633251253208,0.006076244416509265,-0.008629322886787194,-0.002752582623899739,-0.0027905140339274923,24.059999465942383,23,Extreme Fear,26.0
2026-03-20,us_israel_iran_war,2026-02-28,0.6350131609786104,3.155246883525914,297.2698059082031,4.019057431552821,10744,-3.53504371944494,-0.010006598023217995,-0.006607801222592188,-0.019155859637687057,0.004223640215210761,-0.015253934307770224,-0.02026120116808113,26.780000686645508,11,Extreme Fear,23.0
2026-03-23,us_israel_iran_war,2026-02-28,0.8217460521527653,3.4196072710562366,297.2698059082031,4.019057431552821,11439,-3.676830387094012,0.04425119303469704,-0.037064759654085296,0.0065033042420881365,-0.007049420764024754,0.0113881090950741,0.013724482872770678,26.149999618530273,8,Extreme Fear,11.0
2026-03-24,us_israel_iran_war,2026-02-28,0.4040414754758158,2.828257010964559,297.2698059082031,4.019057431552821,11356,-3.0554633598295617,-0.005613991531695598,-0.001090554444362892,-0.004408327905331824,0.004839240854073393,-0.0037495954593205535,-0.008459206192806353,26.950000762939453,11,Extreme Fear,8.0
2026-03-25,us_israel_iran_war,2026-02-28,0.3805872286951606,2.795052503021804,297.2698059082031,4.019057431552821,10986,-3.085820512778428,0.011168924480813245,0.03363784006254085,0.009603709438934543,0.001708267209248284,0.005404493759949214,0.007687065158274941,25.329999923706055,14,Extreme Fear,11.0
2026-03-26,us_israel_iran_war,2026-02-28,0.7507437038481943,3.3190882452149166,297.2698059082031,4.019057431552821,11943,-3.4705096501083195,-0.03595291880741613,-0.03906243403134702,-0.008441747043204639,0.0030075516580878097,-0.017559440961209507,-0.024078944202841894,27.440000534057617,10,Extreme Fear,14.0
