date,day_offset,actual,normal,AR,SAR,CAR,CSAR,event_name,asset
2019-06-10,-3,-0.0054376622004116,0.00841112296565327,-0.013848785166064869,-0.4739455372508322,-0.013848785166064869,-0.17913457522208587,hormuz_crisis,BTC
2019-06-11,-2,-0.009117973017984,0.004226205639581272,-0.013344178657565271,-0.45667644108800504,-0.02719296382363014,-0.3517420456136431,hormuz_crisis,BTC
2019-06-12,-1,0.0271447396905516,0.0027321032439194025,0.024412636446632198,0.8354711231105069,-0.0027803273769979424,-0.03596364285275314,hormuz_crisis,BTC
2019-06-13,0,0.0103887534460544,0.006523100561430052,0.0038656528846243484,0.1322938374203338,0.001085325507626406,0.014038727690191698,hormuz_crisis,BTC
2019-06-14,1,0.0547156649508117,0.0021920798227658598,0.052523585128045835,1.797509201951534,0.05360891063567224,0.6934333459350398,hormuz_crisis,BTC
2019-06-17,2,0.0695865294306852,0.006722820567698443,0.06286370886298676,2.151378183239889,0.116472619498659,1.506577867206853,hormuz_crisis,BTC
2019-06-18,3,-0.0259321508495559,0.009752735232194377,-0.03568488608175027,-1.2212401523270664,0.08078773341690873,1.044992476614845,hormuz_crisis,BTC
2019-06-10,-3,-0.0123787173553216,4.666221769557263e-05,-0.012425379573017172,-2.0852625977279278,-0.012425379573017172,-0.7881551788360883,hormuz_crisis,Gold
2019-06-11,-2,0.0012825419568353,4.666221769557263e-05,0.0012358797391397273,0.2074088586327213,-0.011189499833877445,-0.7097619988855265,hormuz_crisis,Gold
2019-06-12,-1,0.0041379887499468,4.666221769557263e-05,0.004091326532251228,0.6866180741329051,-0.007098173301626217,-0.45024476033727256,hormuz_crisis,Gold
2019-06-13,0,0.0054658717373067,4.666221769557263e-05,0.005419209519611127,0.9094671799834759,-0.0016789637820150902,-0.10649847693563007,hormuz_crisis,Gold
2019-06-14,1,0.000671835533549,4.666221769557263e-05,0.0006251733158534273,0.10491836687852131,-0.0010537904661616629,-0.06684306168940102,hormuz_crisis,Gold
2019-06-17,2,-0.0010452624905258,4.666221769557263e-05,-0.0010919247082213726,-0.183249915240707,-0.0021457151743830352,-0.13610501933234037,hormuz_crisis,Gold
2019-06-18,3,0.0058839216634618,4.666221769557263e-05,0.005837259445766227,0.9796255095436627,0.0036915442713831917,0.23415862012872576,hormuz_crisis,Gold
2019-06-10,-3,-0.0094570981468076,-0.0007833066554571176,-0.008673791491350481,-1.7090862862471323,-0.008673791491350481,-0.6459738975086946,hormuz_crisis,TLT
2019-06-11,-2,0.0006128530182133,0.0010336377241037839,-0.00042078470589048387,-0.08291153540145665,-0.009094576197240965,-0.677311512293092,hormuz_crisis,TLT
2019-06-12,-1,0.0007654509049308,0.0016477648412482216,-0.0008823139363174216,-0.17385138324209912,-0.009976890133558387,-0.7430211587421173,hormuz_crisis,TLT
2019-06-13,0,0.0034377040938653,-0.0005796985851024471,0.004017402678967747,0.7915901404596988,-0.00595948745459064,-0.4438282084639671,hormuz_crisis,TLT
2019-06-14,1,0.0025134391272304,0.0014926277227112939,0.001020811404519106,0.20114096287051061,-0.004938676050071533,-0.367804070432046,hormuz_crisis,TLT
2019-06-17,2,0.0017480203541809,0.0005679651327349499,0.00118005522144595,0.23251840881796254,-0.003758620828625583,-0.2799203725782207,hormuz_crisis,TLT
2019-06-18,3,0.0049992805284163,-0.0026082861784543824,0.007607566706870683,1.4989970583669834,0.0038489458782451002,0.2866472606298379,hormuz_crisis,TLT
2019-06-10,-3,0.0015514459723424,0.00017318799333790352,0.0013782579790044965,0.4367883513277082,0.0013782579790044965,0.16509047902614643,hormuz_crisis,DXY
2019-06-11,-2,-0.000723698074158,0.00017318799333790352,-0.0008968860674959036,-0.28423516694115886,0.00048137191150859297,0.0576596839425416,hormuz_crisis,DXY
2019-06-12,-1,0.003200968758095,0.00017318799333790352,0.0030277807647570965,0.9595441409127405,0.0035091526762656895,0.4203332794917172,hormuz_crisis,DXY
2019-06-13,0,0.0001031094905333,0.00017318799333790352,-7.007850280460351e-05,-0.022208812986989485,0.003439074173461086,0.41193913719492925,hormuz_crisis,DXY
2019-06-14,1,0.0057559779981799,0.00017318799333790352,0.005582790004841996,1.769260674830302,0.009021864178303082,1.080656815773114,hormuz_crisis,DXY
2019-06-17,2,-0.0001025176690412,0.00017318799333790352,-0.0002757056623791035,-0.08737480468588636,0.008746158515923978,1.0476322437657288,hormuz_crisis,DXY
2019-06-18,3,0.0008196909506643,0.00017318799333790352,0.0006465029573263965,0.2048854170705027,0.009392661473250375,1.1250716524560571,hormuz_crisis,DXY
2019-06-10,-3,0.010416852029554,0.005853313706055521,0.0045635383234984795,1.745627064262581,0.0045635383234984795,0.6597850134146509,hormuz_crisis,NASDAQ
2019-06-11,-2,-7.671067859787108e-05,-0.0003265256667365114,0.00024981498813864036,0.09555826497780733,0.00481335331163712,0.6959026426786639,hormuz_crisis,NASDAQ
2019-06-12,-1,-0.0038231304904305,-0.002415311091937938,-0.0014078193984925621,-0.5385136421333929,0.003405533913144558,0.49236361772143644,hormuz_crisis,NASDAQ
2019-06-13,0,0.0056826888551269,0.005160796541550966,0.0005218923135759338,0.19963223328655086,0.003927426226720492,0.5678175095712428,hormuz_crisis,NASDAQ
2019-06-14,1,-0.0051772240584065,-0.0018876546132362052,-0.003289569445170295,-1.2583134064399237,0.0006378567815501965,0.09221974602573142,hormuz_crisis,NASDAQ
2019-06-17,2,0.0061834811639243,0.0012573322913517187,0.004926148872572581,1.884331451818948,0.005564005654122777,0.8044300901871921,hormuz_crisis,NASDAQ
2019-06-18,3,0.0137809071236098,0.012060482421634627,0.0017204247019751723,0.6580902161661767,0.0072844303560979495,1.0531648119329695,hormuz_crisis,NASDAQ
2019-12-30,-3,0.0003986452276052,-0.003980915281463213,0.004379560509068413,0.10713159130801309,0.004379560509068413,0.04049193545137307,soleimani_assassination,BTC
2019-12-31,-2,-0.0137226948232393,-0.005744166360995191,-0.00797852846224411,-0.1951685445803562,-0.003598967953175697,-0.03327484064891913,soleimani_assassination,BTC
2020-01-02,-1,-0.0293593114134793,-0.007606396427930639,-0.021752914985548658,-0.5321137573426203,-0.025351882938724354,-0.23439493652388246,soleimani_assassination,BTC
2020-01-03,0,0.0501717459600312,-0.003775706774199258,0.053947452734230454,1.3196475871185753,0.0285955697955061,0.26438496829928815,soleimani_assassination,BTC
2020-01-06,1,0.0561656209922459,-0.0062218766921979096,0.062387497684443814,1.5261056196894853,0.09098306747994991,0.8411986746016445,soleimani_assassination,BTC
2020-01-07,2,0.0495268893264055,-0.005147870846460166,0.05467476017286566,1.3374387794333766,0.14565782765281557,1.3467030180522848,soleimani_assassination,BTC
2020-01-08,3,-0.0103216732028055,-0.006414461837963467,-0.003907211364842033,-0.09557711789243417,0.14175061628797353,1.3105782630563303,soleimani_assassination,BTC
2019-12-30,-3,0.0004622733368912,0.0003430119877404231,0.00011926134915077693,0.014804002327528074,0.00011926134915077693,0.005595386938151522,soleimani_assassination,Gold
2019-12-31,-2,0.0032959818895556,0.0003430119877404231,0.002952969901815177,0.36655440853955357,0.0030722312509659537,0.14413993079101287,soleimani_assassination,Gold
2020-01-02,-1,0.0032851540714616,0.0003430119877404231,0.0029421420837211767,0.3652103432123789,0.00601437333468713,0.28217646570079863,soleimani_assassination,Gold
2020-01-03,0,0.0160721496940034,0.0003430119877404231,0.01572913770626298,1.9524698728599768,0.02174351104095011,1.0201407122627126,soleimani_assassination,Gold
2020-01-06,1,0.010913635018349,0.0003430119877404231,0.010570623030608578,1.3121395075843967,0.03231413407155869,1.516082829761436,soleimani_assassination,Gold
2020-01-07,2,0.0035692183565126,0.0003430119877404231,0.003226206368772177,0.40047145980218074,0.035540340440330866,1.6674468140208032,soleimani_assassination,Gold
2020-01-08,3,-0.0092037106781219,0.0003430119877404231,-0.009546722665862322,-1.1850419735484783,0.02599361777446854,1.219543048994738,soleimani_assassination,Gold
2019-12-30,-3,-0.0036477750617231,0.004059382391112179,-0.007707157452835279,-0.9617383332220265,-0.007707157452835279,-0.3635029222890358,soleimani_assassination,TLT
2019-12-31,-2,-0.0098422504507963,-0.0005491995432329597,-0.009293050907563341,-1.159634190047528,-0.01700020836039862,-0.8018034478138317,soleimani_assassination,TLT
2020-01-02,-1,0.0112298793580162,-0.003398002180927296,0.014627881538943496,1.8253415083219062,-0.0023723268214551237,-0.1118892065590745,soleimani_assassination,TLT
2020-01-03,0,0.0152829591763248,0.004738235132709413,0.010544724043615387,1.315824334464863,0.008172397222160264,0.3854456445896546,soleimani_assassination,TLT
2020-01-06,1,-0.0056946868245971,-0.0008579335793436368,-0.0048367532452534626,-0.6035546870247275,0.0033356439769068012,0.1573234153761044,soleimani_assassination,TLT
2020-01-07,2,-0.0049279608758,0.0024824115686087897,-0.007410372444408789,-0.9247039893571072,-0.004074728467501988,-0.19218184065078467,soleimani_assassination,TLT
2020-01-08,3,-0.0066328345898079,-0.0015768721303879353,-0.0050559624594199645,-0.6309087284530424,-0.009130690926921953,-0.43064292571746043,soleimani_assassination,TLT
2019-12-30,-3,-0.0018589317432379,0.0001629178172676831,-0.002021849560505583,-0.7739766096942393,-0.002021849560505583,-0.2925356614045515,soleimani_assassination,DXY
2019-12-31,-2,-0.0036244898488808,0.0001629178172676831,-0.003787407666148483,-1.4498432535418502,-0.005809257226654066,-0.8405249026754803,soleimani_assassination,DXY
2020-01-02,-1,0.0047609186341586,0.0001629178172676831,0.0045980008168909165,1.760143362367018,-0.0012112564097631496,-0.1752532442977411,soleimani_assassination,DXY
2020-01-03,0,-0.0001032798441557,0.0001629178172676831,-0.0002661976614233831,-0.1019021234425993,-0.0014774540711865328,-0.21376862668324437,soleimani_assassination,DXY
2020-01-06,1,-0.0017569967185531,0.0001629178172676831,-0.0019199145358207831,-0.734955247098443,-0.003397368607007316,-0.4915555993381737,soleimani_assassination,DXY
2020-01-07,2,0.0032017087566834,0.0001629178172676831,0.003038790939415717,1.1632681059961854,-0.00035857766759159887,-0.051881582686883664,soleimani_assassination,DXY
2020-01-08,3,0.0032942142644708,0.0001629178172676831,0.003131296447203117,1.1986797907693256,0.002772718779611518,0.40117679273805523,soleimani_assassination,DXY
2019-12-30,-3,-0.0067544621237311,-0.006701028338904156,-5.3433784826944185e-05,-0.02238525652056853,-5.3433784826944185e-05,-0.00846083168397305,soleimani_assassination,NASDAQ
2019-12-31,-2,0.0029700322170819,0.003414154704899237,-0.0004441224878173372,-0.18605823728456866,-0.0004975562726442814,-0.0787842352882608,soleimani_assassination,NASDAQ
2020-01-02,-1,0.0132404049152301,0.009666872036709632,0.003573532878520469,1.4970762492203034,0.0030759766058761876,0.48705740030292166,soleimani_assassination,NASDAQ
2020-01-03,0,-0.0078862062018942,-0.008191013726788883,0.00030480752489468223,0.1276943914092048,0.00338078413077087,0.5353213436581358,soleimani_assassination,NASDAQ
2020-01-06,1,0.0056046492981398,0.004091782081736893,0.001512867216402907,0.6337922876026653,0.0048936513471737764,0.7748723116391897,soleimani_assassination,NASDAQ
2020-01-07,2,-0.0003185932225164,-0.0032398012734846065,0.0029212080509682064,1.2237948665373068,0.007814859398141983,1.2374232934413603,soleimani_assassination,NASDAQ
2020-01-08,3,0.0066667743589785,0.00566975013018675,0.0009970242287917503,0.417687857803984,0.008811883626933734,1.3952944644985963,soleimani_assassination,NASDAQ
2022-02-18,-3,-0.0125865264237605,-0.016676625207795958,0.004090098784035458,0.11820689718585849,0.004090098784035458,0.044678007600908905,russia_ukraine_war,BTC
2022-02-22,-2,-0.0445685601614807,-0.016674216947381554,-0.027894343214099143,-0.8061672674621351,-0.023804244430063685,-0.2600245788027057,russia_ukraine_war,BTC
2022-02-23,-1,-0.0261836346154203,-0.03426144600821855,0.008077811392798253,0.23345475774870222,-0.015726433037265432,-0.17178697431872064,russia_ukraine_war,BTC
2022-02-24,0,0.0273995799515498,0.041544942247542155,-0.014145362295992354,-0.40881149206116374,-0.029871795333257786,-0.32630319447573425,russia_ukraine_war,BTC
2022-02-25,1,0.0227384505953059,0.02015793358920184,0.002580517006104059,0.0745788609354667,-0.027291278327153726,-0.2981150346046321,russia_ukraine_war,BTC
2022-02-28,2,0.0966444670528177,0.004553744473023495,0.09209072257979421,2.6614903821518014,0.06479944425264049,0.7078337751045003,russia_ukraine_war,BTC
2022-03-01,3,0.0265333803325247,-0.021406547167552508,0.04793992750007721,1.38549956378022,0.1127393717527177,1.2315033875832053,russia_ukraine_war,BTC
2022-02-18,-3,-0.0011054540785265,-4.64516011538433e-06,-0.0011008089184111158,-0.12777784171832546,-0.0011008089184111158,-0.04829548460732333,russia_ukraine_war,Gold
2022-02-22,-2,0.0039424973379259,-4.64516011538433e-06,0.003947142498041284,0.45816975218766726,0.0028463335796301685,0.12487640432705654,russia_ukraine_war,Gold
2022-02-23,-1,0.0016250236299235,-4.64516011538433e-06,0.0016296687900388843,0.18916594626381325,0.004476002369669053,0.19637441151795051,russia_ukraine_war,Gold
2022-02-24,0,0.0082936211860425,-4.64516011538433e-06,0.008298266346157884,0.963232170435477,0.012774268715826938,0.5604419512021297,russia_ukraine_war,Gold
2022-02-25,1,-0.020254641338243,-4.64516011538433e-06,-0.020249996178127616,-2.350544915806305,-0.007475727462300678,-0.3279805191851188,russia_ukraine_war,Gold
2022-02-28,2,0.0068147992580523,-4.64516011538433e-06,0.0068194444181676845,0.7915759719037079,-0.0006562830441329938,-0.02879292411776698,russia_ukraine_war,Gold
2022-03-01,3,0.0223862747717803,-4.64516011538433e-06,0.022390919931895684,2.599055453797616,0.02173463688776269,0.9535577007986068,russia_ukraine_war,Gold
2022-02-18,-3,0.0104720795481299,0.0013246825192724172,0.009147397028857482,0.9476607479942482,0.009147397028857482,0.3581820952071761,russia_ukraine_war,TLT
2022-02-22,-2,0.0026009740887413,0.002131440500080301,0.00046953358866099913,0.048643187830940994,0.009616930617518482,0.37656749206118656,russia_ukraine_war,TLT
2022-02-23,-1,-0.0138775339961856,0.004385320901980987,-0.018262854898166588,-1.8920126325235744,-0.008645924280648106,-0.3385460655173869,russia_ukraine_war,TLT
2022-02-24,0,0.0006583404712762,-0.004596305114681126,0.005254645585957326,0.5443757771444356,-0.0033912786946907808,-0.13279136179000178,russia_ukraine_war,TLT
2022-02-25,1,0.0007308204166058,-0.0065522227494398885,0.007283043166045689,0.7545156411857749,0.003891764471354908,0.15238874490799878,russia_ukraine_war,TLT
2022-02-28,2,0.0216818503332085,4.947088791140274e-05,0.021632379445297098,2.2410918451832122,0.025524143916652007,0.9994418431379481,russia_ukraine_war,TLT
2022-03-01,3,0.0101719264066377,0.0035821915392468227,0.006589734867390878,0.6826896278596756,0.032113878784042885,1.257474268560796,russia_ukraine_war,TLT
2022-02-18,-3,0.0025020640534997,0.0003669877810697968,0.002135076272429903,0.6480314980308782,0.002135076272429903,0.24493288364662094,russia_ukraine_war,DXY
2022-02-22,-2,-0.0001041509476274,0.0003669877810697968,-0.0004711387286971968,-0.14299851489171178,0.001663937543732706,0.19088452532447298,russia_ukraine_war,DXY
2022-02-23,-1,0.0016647976074093,0.0003669877810697968,0.0012978098263395031,0.3939070733828287,0.0029617473700722092,0.3397674047302208,russia_ukraine_war,DXY
2022-02-24,0,0.0098278030887775,0.0003669877810697968,0.009460815307707704,2.87151629926072,0.012422562677779914,1.425098549517705,russia_ukraine_war,DXY
2022-02-25,1,-0.0053674430814821,0.0003669877810697968,-0.005734430862551897,-1.7404960516866081,0.006688131815228017,0.7672528765673357,russia_ukraine_war,DXY
2022-02-28,2,0.000931012709242,0.0003669877810697968,0.0005640249281722033,0.17119103605334612,0.00725215674340022,0.8319570062931422,russia_ukraine_war,DXY
2022-03-01,3,0.0072121121155197,0.0003669877810697968,0.006845124334449904,2.077610169688598,0.014097281077850124,1.617219839198104,russia_ukraine_war,DXY
2022-02-18,-3,-0.0123713819041659,-0.00966680492327142,-0.0027045769808944787,-0.5785673256938542,-0.0027045769808944787,-0.2186778943562355,russia_ukraine_war,NASDAQ
2022-02-22,-2,-0.0123695092126878,-0.013402535867941736,0.0010330266552539356,0.22098667315547021,-0.0016715503256405431,-0.13515278289496588,russia_ukraine_war,NASDAQ
2022-02-23,-1,-0.0260455443244121,-0.02383923555145118,-0.0022063087729609215,-0.4719770135752305,-0.0038778590986014647,-0.3135433261033967,russia_ukraine_war,NASDAQ
2022-02-24,0,0.0329023902190326,0.01775060804736995,0.015151782171662652,3.2412928722241108,0.011273923073061187,0.9115502262153538,russia_ukraine_war,NASDAQ
2022-02-25,1,0.0162716020298047,0.026807577060651608,-0.010535975030846908,-2.2538722100482707,0.0007379480422142794,0.05966660411431687,russia_ukraine_war,NASDAQ
2022-02-28,2,0.004137601983257,-0.0037618772180526136,0.007899479201309614,1.689868910429155,0.008637427243523893,0.6983770162993495,russia_ukraine_war,NASDAQ
2022-03-01,3,-0.0160494245664628,-0.020120307094201945,0.004070882527739145,0.8708495391057118,0.012708309771263039,1.0275272034177683,russia_ukraine_war,NASDAQ
2023-10-04,-3,0.0133777193024828,0.004226936413630188,0.009150782888852613,0.3687321422700522,0.009150782888852613,0.13936764983466365,israel_hamas_war,BTC
2023-10-05,-2,-0.0138906622558427,-0.0026145370675729105,-0.011276125188269788,-0.4543731227894269,-0.0021253422994171756,-0.03236924806999895,israel_hamas_war,BTC
2023-10-06,-1,0.0191718837881559,0.0053687647675970465,0.013803119020558852,0.556198710894926,0.011677776721141677,0.17785410458181328,israel_hamas_war,BTC
2023-10-09,0,-0.0130712511908063,-0.00020777470410035027,-0.01286347648670595,-0.5183356768043986,-0.0011856997655642736,-0.01805836634344236,israel_hamas_war,BTC
2023-10-10,1,-0.0070090060125914,0.0006707056560563223,-0.007679711668647723,-0.30945511110818813,-0.008865411434211996,-0.13502140433346055,israel_hamas_war,BTC
2023-10-11,2,-0.0190812208422717,0.0012790009663773134,-0.020360221808649014,-0.8204181320640997,-0.02922563324286101,-0.4451103112662826,israel_hamas_war,BTC
2023-10-12,3,-0.0043453816471778,-0.004974080613725009,0.000628698966547209,0.025333517316897855,-0.028596934276313803,-0.43553514174413116,israel_hamas_war,BTC
2023-10-04,-3,-0.0033487861038289,-0.0002998237979124766,-0.003048962305916424,-0.4600457164429266,-0.003048962305916424,-0.17388093677550312,israel_hamas_war,Gold
2023-10-05,-2,-0.0010453767983573,-0.0002998237979124766,-0.0007455530004448234,-0.11249350756821527,-0.003794515306361247,-0.21639948608048312,israel_hamas_war,Gold
2023-10-06,-1,0.0074586151734713,-0.0002998237979124766,0.007758438971383777,1.17063979706898,0.0039639236650225295,0.22606076790232255,israel_hamas_war,Gold
2023-10-09,0,0.010490108470351,-0.0002998237979124766,0.010789932268263476,1.628049684671959,0.014753855933286006,0.8414057090021981,israel_hamas_war,Gold
2023-10-10,1,0.0061986453697419,-0.0002998237979124766,0.006498469167654377,0.9805279974155822,0.021252325100940384,1.2120104568161714,israel_hamas_war,Gold
2023-10-11,2,0.0063206856067081,-0.0002998237979124766,0.006620509404620577,0.9989421602082916,0.02787283450556096,1.5895751039659975,israel_hamas_war,Gold
2023-10-12,3,-0.0018706079095983,-0.0002998237979124766,-0.0015707841116858233,-0.23700932629945046,0.026302050393875138,1.4999939988529538,israel_hamas_war,Gold
2023-10-04,-3,0.0140091548613939,0.00010785701533990734,0.013901297846053992,1.3690416814156803,0.013901297846053992,0.517449117643944,israel_hamas_war,TLT
2023-10-05,-2,-0.004997398921082,-0.0010154067738807548,-0.003981992147201245,-0.39215858008077203,0.009919305698852746,0.36922710658766805,israel_hamas_war,TLT
2023-10-06,-1,-0.0121909949501349,0.0005470843268336181,-0.012738079276968517,-1.2544844132159514,-0.0028187735781157706,-0.10492343355178861,israel_hamas_war,TLT
2023-10-09,0,0.0231985441900653,-0.0001068098177615666,0.023305354007826865,2.2951814564508277,0.020486580429711094,0.762573616096199,israel_hamas_war,TLT
2023-10-10,1,-0.001383707733442,-0.0002372626587926704,-0.0011464450746493295,-0.11290536394730717,0.019340135355061766,0.71989939971194,israel_hamas_war,TLT
2023-10-11,2,0.0206710667231061,-0.0003462922208158977,0.021017358943922,2.0698528113093784,0.04035749429898376,1.5022302267451566,israel_hamas_war,TLT
2023-10-12,3,-0.0275026101775138,-0.0016093862553034333,-0.025893223922210367,-2.5500426800651628,0.014464270376773395,0.5384046890232901,israel_hamas_war,TLT
2023-10-04,-3,-0.0018708793613008,0.00015555450176061263,-0.0020264338630614125,-0.531187000620842,-0.0020264338630614125,-0.2007698147590086,israel_hamas_war,DXY
2023-10-05,-2,-0.0044104722171209,0.00015555450176061263,-0.004566026718881512,-1.1968878342237768,-0.006592460581942925,-0.6531508942725537,israel_hamas_war,DXY
2023-10-06,-1,-0.0027310928288673,0.00015555450176061263,-0.0028866473306279126,-0.7566738620770531,-0.009479107912570837,-0.9391467317923636,israel_hamas_war,DXY
2023-10-09,0,0.0003771536440087,0.00015555450176061263,0.0002215991422480874,0.058087552649304285,-0.00925750877032275,-0.9171917005668737,israel_hamas_war,DXY
2023-10-10,1,-0.0023594932911438,0.00015555450176061263,-0.0025150477929044126,-0.6592668617927041,-0.011772556563227163,-1.1663711525568001,israel_hamas_war,DXY
2023-10-11,2,-9.451581541042124e-05,0.00015555450176061263,-0.00025007031717103387,-0.06555067211604255,-0.012022626880398197,-1.1911469777985406,israel_hamas_war,DXY
2023-10-12,3,0.007062508777175,0.00015555450176061263,0.006906954275414387,1.810512739576876,-0.0051156726049838095,-0.5068374843078745,israel_hamas_war,DXY
2023-10-04,-3,0.013427607709577,0.010689963074746513,0.0027376446348304877,0.755776296178193,0.0027376446348304877,0.28565658949785633,israel_hamas_war,NASDAQ
2023-10-05,-2,-0.0012231469205094,-0.0012531635124602533,3.001659195085325e-05,0.008286622887383159,0.002767661226781341,0.2887886385505123,israel_hamas_war,NASDAQ
2023-10-06,-1,0.0158727895976024,0.015360056985071412,0.0005127326125309879,0.14154910754237934,0.0032803938393123288,0.34228917238769413,israel_hamas_war,NASDAQ
2023-10-09,0,0.0039308429234975,0.0084075133185904,-0.0044766703950929005,-1.2358657976890324,-0.0011962765557805718,-0.12482419254596919,israel_hamas_war,NASDAQ
2023-10-10,1,0.0058120751228719,0.007020470658578893,-0.0012083955357069928,-0.3335994345925923,-0.0024046720914875645,-0.2509129270379345,israel_hamas_war,NASDAQ
2023-10-11,2,0.0071147163387782,0.005861211476998251,0.0012535048617799494,0.34605267960064073,-0.0011511672297076152,-0.12011730835924739,israel_hamas_war,NASDAQ
2023-10-12,3,-0.0062760194674332,-0.007568663224025236,0.001292643756592036,0.3568576791178328,0.00014147652688442083,0.014762216267820184,israel_hamas_war,NASDAQ
2024-03-26,-3,0.000414778606564,0.005842487266589182,-0.005427708660025182,-0.18044783275875498,-0.005427708660025182,-0.06820287001431999,israel_iran,BTC
2024-03-27,-2,-0.0076374445429517,0.0069693894397666835,-0.014606833982718384,-0.4856140409784333,-0.020034542642743566,-0.2517477250986148,israel_iran,BTC
2024-03-28,-1,0.0183971899718808,0.006202673139115404,0.012194516832765396,0.40541493139067336,-0.00784002580997817,-0.09851528420546694,israel_iran,BTC
2024-04-01,0,-0.0148500586978419,0.006478512926534965,-0.021328571624376864,-0.7090827394263324,-0.029168597434355036,-0.3665233681326798,israel_iran,BTC
2024-04-02,1,-0.0629909043698857,0.005193080588323497,-0.06818398495820921,-2.2668225369538013,-0.09735258239256425,-1.223301753717863,israel_iran,BTC
2024-04-03,2,0.0081237430733199,0.006625421931547052,0.0014983211417728473,0.04981269624893227,-0.09585426125079141,-1.2044743242309663,israel_iran,BTC
2024-04-04,3,0.0375988627118614,0.004643922352335203,0.032954940359526196,1.095609204371507,-0.06289932089126521,-0.7903729686766311,israel_iran,BTC
2024-03-26,-3,0.0003678047123048,0.0011156037127339625,-0.0007477990004291625,-0.09194703287679114,-0.0007477990004291625,-0.03475271182603845,israel_iran,Gold
2024-03-27,-2,0.0068709900334791,0.0011156037127339625,0.005755386320745137,0.7076643522503829,0.005007587320315975,0.23271927213969365,israel_iran,Gold
2024-03-28,-1,0.0121597708280425,0.0011156037127339625,0.011044167115308538,1.3579563442385798,0.016051754435624514,0.7459785261593652,israel_iran,Gold
2024-04-01,0,0.0085768495755336,0.0011156037127339625,0.0074612458627996365,0.9174115213512473,0.02351300029842415,1.0927274883594829,israel_iran,Gold
2024-04-02,1,0.0108950494050669,0.0011156037127339625,0.009779445692332939,1.2024501424496203,0.03329244599075709,1.547210922770324,israel_iran,Gold
2024-04-03,2,0.0146641355644599,0.0011156037127339625,0.013548531851725939,1.6658852216811755,0.046840977842483034,2.1768563526769094,israel_iran,Gold
2024-04-04,3,-0.0024436447730251,0.0011156037127339625,-0.0035592484857590624,-0.43763409331777847,0.043281729356723975,2.011446213225184,israel_iran,Gold
2024-03-26,-3,0.0027765343395821,-0.0012767938239589397,0.00405332816354104,0.34618927614000283,0.00405332816354104,0.130847247317702,israel_iran,TLT
2024-03-27,-2,0.009869028334622,0.003791657890723496,0.006077370443898504,0.5190599896974191,0.010130698607439544,0.3270334827838619,israel_iran,TLT
2024-03-28,-1,-0.0008450687359993,0.0004662676987264439,-0.0013113364347257439,-0.11199947124861528,0.008819362172713799,0.2847016616560669,israel_iran,TLT
2024-04-01,0,-0.0221198272368428,-0.0009263179718133327,-0.021193509265029466,-1.8101089611548564,-0.012374147092315668,-0.3994552179361081,israel_iran,TLT
2024-04-02,1,-0.005525796879434,-0.003260922078481016,-0.002264874800952984,-0.19343989340469983,-0.014639021893268652,-0.4725686253057766,israel_iran,TLT
2024-04-03,2,-0.0002173668673806,0.0004550010017411803,-0.0006723678691217803,-0.05742603029400842,-0.015311389762390432,-0.4942736245828634,israel_iran,TLT
2024-04-04,3,0.0071467946101217,-0.0055492206466999875,0.012696015256821687,1.0843494911553884,-0.002615374505568745,-0.08442804060049335,israel_iran,TLT
2024-03-26,-3,0.0005754609535789,-0.00023727665175505373,0.0008127376053339537,0.19679115006825654,0.0008127376053339537,0.07438006332842832,israel_iran,DXY
2024-03-27,-2,0.000575129988718,-0.00023727665175505373,0.0008124066404730537,0.19671101232739008,0.0016251442458070074,0.14872983743786192,israel_iran,DXY
2024-03-28,-1,0.0019148361635917,-0.00023727665175505373,0.0021521128153467535,0.5210990032074351,0.003777257061153761,0.3456867475707937,israel_iran,DXY
2024-04-01,0,0.0044853211809052,-0.00023727665175505373,0.0047225978326602535,1.1435000087355267,0.008499854893814014,0.7778891257585637,israel_iran,DXY
2024-04-02,1,-0.0019061857824119,-0.00023727665175505373,-0.0016689091306568461,-0.40409911517066394,0.006830945763157167,0.6251540166495887,israel_iran,DXY
2024-04-03,2,-0.0054527297836823,-0.00023727665175505373,-0.005215453131927247,-1.2628368777612111,0.0016154926312299204,0.14784654164995467,israel_iran,DXY
2024-04-04,3,-0.0012477541735412,-0.00023727665175505373,-0.0010104775217861463,-0.24467064440645492,0.0006050151094437741,0.05536973047604091,israel_iran,DXY
2024-03-26,-3,-0.0042061314856176,-0.003992476248520997,-0.00021365523709660286,-0.07099378763079782,-0.00021365523709660286,-0.02683312952880349,israel_iran,NASDAQ
2024-03-27,-2,0.005124191128412,0.010703169235937442,-0.005578978107525442,-1.8537939549005755,-0.005792633344622045,-0.7275013847604906,israel_iran,NASDAQ
2024-03-28,-1,-0.0012239290623057,0.0010614170579459942,-0.002285346120251694,-0.7593793596112896,-0.00807797946487374,-1.014519804230056,israel_iran,NASDAQ
2024-04-01,0,0.0010599197647428,-0.002976294352366145,0.004036214117108945,1.3411612640831292,-0.0040417653477647945,-0.5076084938304871,israel_iran,NASDAQ
2024-04-02,1,-0.0095829724928891,-0.00974532683594751,0.00016235434305840978,0.053947424405117496,-0.0038794110047063847,-0.4872182839950018,israel_iran,NASDAQ
2024-04-03,2,0.0022762706107119,0.0010287500041795314,0.0012475206065323684,0.4145286313068863,-0.0026318903981740163,-0.33054118831585827,israel_iran,NASDAQ
2024-04-04,3,-0.014129794417524,-0.01638009942808353,0.0022503050105595283,0.7477358299059619,-0.0003815853876144881,-0.047923609415334224,israel_iran,NASDAQ
2026-02-25,-3,0.0587881628108732,0.0148127133197575,0.0439754494911157,2.0986414609320767,0.0439754494911157,0.793211913816507,us_israel_iran,BTC
2026-02-26,-2,-0.0074786108124004,-0.020708545163267394,0.013229934350866994,0.6313724834068671,0.0572053838419827,1.0318482817799106,us_israel_iran,BTC
2026-02-27,-1,-0.0235803453997585,-0.016835553533148615,-0.0067447918666098845,-0.3218818686431994,0.05046059197537281,0.9101883709269585,us_israel_iran,BTC
2026-03-02,0,0.0429905086879988,0.001749140163150848,0.04124136852484795,1.9681628475295245,0.09170196050022075,1.6540840043897953,us_israel_iran,BTC
2026-03-03,1,-0.0070359214012543,-0.018332421143439276,0.011296499742184975,0.5391031358792012,0.10299846024240572,1.8578458370399995,us_israel_iran,BTC
2026-03-04,2,0.0626701105436228,0.015244263216300173,0.04742584732732263,2.2633048819901624,0.15042430756972835,2.7132946740206223,us_israel_iran,BTC
2026-03-05,3,-0.026047184090688,-0.007149300158591435,-0.018897883932096564,-0.9018641810993285,0.13152642363763178,2.3724220540855163,us_israel_iran,BTC
2026-02-25,-3,0.0097663626026182,0.0032256387387660265,0.006540723863852174,0.44731942394402524,0.006540723863852174,0.1690708503377946,us_israel_iran,Gold
2026-02-26,-2,-0.005759467061588,0.0032256387387660265,-0.008985105800354026,-0.6144904500407021,-0.0024443819365018524,-0.06318470878104225,us_israel_iran,Gold
2026-02-27,-1,0.0103777235776477,0.0032256387387660265,0.007152084838881674,0.48913033736347517,0.004707702902379821,0.12168918141336915,us_israel_iran,Gold
2026-03-02,0,0.0121427639383351,0.0032256387387660265,0.008917125199569073,0.6098412638320392,0.013624828101948894,0.35218751331692694,us_israel_iran,Gold
2026-03-03,1,-0.0359591903930027,0.0032256387387660265,-0.039184829131768725,-2.679846383890087,-0.025560001029819833,-0.6606992129157729,us_israel_iran,Gold
2026-03-04,2,0.0025030895869677,0.0032256387387660265,-0.0007225491517983264,-0.049415061250317936,-0.02628255018161816,-0.679376350499968,us_israel_iran,Gold
2026-03-05,3,-0.0107802115364093,0.0032256387387660265,-0.014005850275175327,-0.957858641848833,-0.04028840045679349,-1.0414128872836963,us_israel_iran,Gold
2026-02-25,-3,0.0001112522768721,0.00019388792285554167,-8.263564598344166e-05,-0.014780800054927972,-8.263564598344166e-05,-0.005586617303415607,us_israel_iran,TLT
2026-02-26,-2,0.003995931394848,-0.00034695621825533925,0.004342887613103339,0.7767998023899559,0.004260251967119898,0.2880161106405759,us_israel_iran,TLT
2026-02-27,-1,0.0060743801872145,-0.0003055917855552627,0.006379971972769762,1.1411672161968704,0.01064022393988966,0.7193367761258329,us_israel_iran,TLT
2026-03-02,0,-0.0134125946022511,-0.00011517885699298733,-0.013297415745258112,-2.3784704656062674,-0.002657191805368452,-0.1796405599750512,us_israel_iran,TLT
2026-03-03,1,-0.0020107279367832,-0.0005117703278485523,-0.0014989576089346477,-0.26811423139253326,-0.0041561494143031,-0.28097821414960406,us_israel_iran,TLT
2026-03-04,2,-0.0031358383455348,0.00017875345952326176,-0.003314591805058062,-0.5928714920929277,-0.007470741219361162,-0.5050625752207017,us_israel_iran,TLT
2026-03-05,3,-0.00404632006962,-0.0003582950163953817,-0.003688025053224618,-0.6596664219240345,-0.01115876627258578,-0.7543930467451019,us_israel_iran,TLT
2026-02-25,-3,-0.0018406827010329,6.333133021790208e-05,-0.0019040140312508022,-0.6362784263082021,-0.0019040140312508022,-0.24049064008672,us_israel_iran,DXY
2026-02-26,-2,0.000920803873631,6.333133021790208e-05,0.0008574725434130979,0.2865479306194832,-0.0010465414878377043,-0.13218570249824244,us_israel_iran,DXY
2026-02-27,-1,-0.0018423782465261,6.333133021790208e-05,-0.0019057095767440022,-0.6368450392640103,-0.0029522510645817067,-0.3728905021522047,us_israel_iran,DXY
2026-03-02,0,0.0078575500092648,6.333133021790208e-05,0.007794218679046898,2.604651601305716,0.004841967614465191,0.61157526770795,us_israel_iran,DXY
2026-03-03,1,0.0067873005057352,6.333133021790208e-05,0.0067239691755172975,2.2469984229750946,0.011565936789982488,1.4608608425002962,us_israel_iran,DXY
2026-03-04,2,-0.0028309230221806,6.333133021790208e-05,-0.002894254352398502,-0.9671943454481869,0.008671682437583986,1.0952957414254676,us_israel_iran,DXY
2026-03-05,3,0.0055530766346594,6.333133021790208e-05,0.005489745304441498,1.8345487196059267,0.014161427742025483,1.7886899814410742,us_israel_iran,DXY
2026-02-25,-3,0.0125350170622583,0.010745865833754309,0.001789151228503991,0.6054758198631882,0.001789151228503991,0.2288483491744197,us_israel_iran,NASDAQ
2026-02-26,-2,-0.0118922313107895,-0.007298638355676913,-0.004593592955112587,-1.5545412910345018,-0.0028044417266085957,-0.35871303066251947,us_israel_iran,NASDAQ
2026-02-27,-1,-0.0092288535889428,-0.005918572228646512,-0.0033102813602962876,-1.120249249292989,-0.006114723086904883,-0.7821274478105265,us_israel_iran,NASDAQ
2026-03-02,0,0.0035514629945327,0.0004342873587876334,0.0031171756357450666,1.054899353191311,-0.0029975474511598167,-0.383412969703798,us_israel_iran,NASDAQ
2026-03-03,1,-0.010258219057951,-0.012797429347336,0.0025392102893849987,0.8593071436761424,-0.000458337161774818,-0.058625397991180606,us_israel_iran,NASDAQ
2026-03-04,2,0.012831785165597,0.010240925747978042,0.0025908594176189577,0.8767859893793218,0.0021325222558441397,0.27276855642644865,us_israel_iran,NASDAQ
2026-03-05,3,-0.0025678137753435,-0.007676941410085271,0.005109127634741771,1.7290060192494483,0.007241649890585911,0.9262714053218482,us_israel_iran,NASDAQ
