date,BTC_team,BTC_std
2019-01-04,0.0202159778069644,0.005452331614920808
2019-01-07,-0.0126847005573856,0.042510901248586884
2019-01-08,0.0013901547706836,0.0013901547706836324
2019-01-09,0.0011030020343775,0.0011030020343775215
2019-01-10,-0.0924592824929815,-0.0924592824929815
2019-01-11,-0.0116137822044308,0.002291770109090111
2019-01-14,0.0421881015929448,0.005054984870562084
2019-01-15,-0.0205485633725479,-0.020548563372547957
2019-01-16,0.0066793014015464,0.006679301401546422
2019-01-17,0.0064244855803284,0.006424485580328479
2019-01-18,-0.0070671279083909,-0.005649816019732142
2019-01-22,0.0079505305564709,-0.014668165057360693
2019-01-23,-0.005411671839448,-0.005411671839448025
2019-01-24,0.0043814311055097,0.004381431105509742
2019-01-25,-0.0015680896475942,-0.00030542026954499585
2019-01-28,-0.0321855631491495,-0.03658441182238729
2019-01-29,-0.0064561266610713,-0.006456126661071388
2019-01-30,0.010978782970954,0.010978782970954
2019-01-31,-0.008176606850343,-0.008176606850343018
2019-02-01,0.0005991408083256,0.00868238253365107
2019-02-04,-0.0014038013125416,-0.008288761421215849
2019-02-05,0.0020802425249583,0.0020802425249583987
2019-02-06,-0.0152876937500929,-0.015287693750092953
2019-02-07,-0.004196583300843,-0.004196583300843028
2019-02-08,0.0273524790089812,0.07569393609415692
2019-02-11,-0.0113803481619821,-0.005016847229195102
2019-02-12,0.0013963105132088,0.0013963105132088508
2019-02-13,-0.005890543660869,-0.0058905436608690425
2019-02-14,-0.0041908735831722,-0.004190873583172263
2019-02-15,0.0198464414295852,0.0010859628225890826
2019-02-19,0.0079819551019106,0.08628175799766276
2019-02-20,0.0132697650984953,0.013269765098495359
2019-02-21,-0.0114918902823277,-0.01149189028232773
2019-02-22,-0.0123387413285902,0.012917451356471413
2019-02-25,0.0187884471459767,-0.03114522819626507
2019-02-26,-0.0073253992798098,-0.007325399279809829
2019-02-27,-0.0008592791582579,-0.000859279158257992
2019-02-28,0.0009701838898456,0.0009701838898456305
2019-03-01,-0.00065867393488,0.0012440007407169633
2019-03-04,-0.0225063140968968,-0.025726336642254186
2019-03-05,0.0352136320131541,0.035213632013154125
2019-03-06,0.0019403387629408,0.0019403387629408418
2019-03-07,0.0019299650258204,0.0019299650258204676
2019-03-08,0.0034011952049135,-0.0026502747112911442
2019-03-11,-0.011804535394846,0.0010493249311857955
2019-03-12,0.0010055701480762,0.0010055701480762823
2019-03-13,-0.0006241055237,-0.00062410552370009
2019-03-14,0.004508157464902,0.00450815746490209
2019-03-15,0.0084587316065012,0.009268473031698707
2019-03-18,0.0018065426803688,0.01791426446817403
2019-03-19,0.0095470382739586,0.009547038273958657
2019-03-20,0.0039923569462326,0.003992356946232674
2019-03-21,-0.0143284017903384,-0.014328401790338464
2019-03-22,-0.0005927423572414,-0.0013307952232004976
2019-03-25,-0.0148019957754375,-0.015249427623961401
2019-03-26,0.0055384728228034,0.005538472822803469
2019-03-27,0.0252698021617776,0.02526980216177766
2019-03-28,-0.0044037841400318,-0.004403784140031825
2019-03-29,0.0029602060666983,0.007166825802505177
2019-04-01,0.012773998435311,0.014487790832901202
2019-04-02,0.1600419797683949,0.1600419797683949
2019-04-03,0.0189074929695084,0.018907492969508402
2019-04-04,-0.010150461847883,-0.010150461847883017
2019-04-05,0.0181897487260235,0.022870127391310363
2019-04-08,0.017328472526209,0.04902759131296927
2019-04-09,-0.0161632267879214,-0.016163226787921488
2019-04-10,0.0227168029339171,0.02271680293391717
2019-04-11,-0.0500755252871914,-0.050075525287191475
2019-04-12,0.0067263330462032,0.004934263167637184
2019-04-15,-0.0196616856812465,-0.004416949710274036
2019-04-16,0.0327034095462467,0.032703409546246745
2019-04-17,0.0031234202806837,0.003123420280683767
2019-04-18,0.0029619162501397,0.008805048106448882
2019-04-22,0.0158365833575133,0.018879200251623388
2019-04-23,0.0315376787102423,0.03153767871024236
2019-04-24,-0.0194793465759446,-0.019479346575944603
2019-04-25,-0.0476609104068962,-0.047660910406896226
2019-04-26,0.004740043644189,0.013123813423158957
2019-04-29,-0.0071752789922622,-0.0060789614828541125
2019-04-30,0.0195086866231988,0.019508686623198813
2019-05-01,0.0096659647371959,0.009665964737195984
2019-05-02,0.0188099797549053,0.018809979754905393
2019-05-03,0.0171364756533314,0.04666729598003433
2019-05-06,-0.0084733105601616,-0.003731179580201647
2019-05-07,0.0142870660185711,0.01428706601857112
2019-05-08,0.0258999553140452,0.025899955314045275
2019-05-09,0.0316011333155379,0.031601133315537946
2019-05-10,0.0405076164227558,0.03255511923946928
2019-05-13,0.1140786697230037,0.2030463997518023
2019-05-14,0.0227092076256784,0.022709207625678487
2019-05-15,0.0260208959248796,0.02602089592487963
2019-05-16,-0.0398134936070429,-0.03981349360704293
2019-05-17,0.0129672127728532,-0.07108127725881802
2019-05-20,-0.0271258460286958,0.08285706954868192
2019-05-21,-0.0018795372127934,-0.0018795372127934414
2019-05-22,-0.0362187635444826,-0.0362187635444826
2019-05-23,0.0259340328588813,0.025934032858881368
2019-05-24,0.0277114766696992,0.01329951557921589
2019-05-28,-0.0097932630490452,0.0877531280505357
2019-05-29,-0.0069593521281463,-0.00695935212814635
2019-05-30,-0.0400566479677288,-0.040056647967728856
2019-05-31,0.0165499023585418,0.03019403993490808
2019-06-03,-0.0630180586838615,-0.04356239154314412
2019-06-04,-0.0630014783427008,-0.06300147834270085
2019-06-05,0.0149964735399352,0.014996473539935253
2019-06-06,-0.0002822410658263,-0.00028224106582634646
2019-06-07,-0.0057575220503979,0.027977129076807897
2019-06-10,0.03981203302759,-0.005437662200411531
2019-06-11,-0.009117973017984,-0.009117973017984032
2019-06-12,0.0271447396905516,0.027144739690551607
2019-06-13,0.0103887534460544,0.010388753446054437
2019-06-14,0.0295712389533118,0.05471566495081175
2019-06-17,0.0355884775215616,0.06958652943068523
2019-06-18,-0.0259321508495559,-0.025932150849555906
2019-06-19,0.0208948838816372,0.020894883881637273
2019-06-20,0.0269834962641228,0.02698349626412288
2019-06-21,0.0435044352742505,0.062790586710018
2019-06-24,0.0142440963278927,0.08196681544062635
2019-06-25,0.0684254031313087,0.0684254031313087
2019-06-26,0.0988676627192394,0.09886766271923943
2019-06-27,-0.1518196739369874,-0.15181967393698742
2019-06-28,-0.0110813841006957,0.10391011328681186
2019-07-01,-0.021871650928674,-0.1590259165175732
2019-07-02,0.0204397936493043,0.020439793649304375
2019-07-03,0.0187948548123419,0.10197242314626954
2019-07-05,0.0069241652084037,-0.08573872330948126
2019-07-08,0.0703933117560036,0.1125218171691108
2019-07-09,0.0231592932804558,0.0231592932804558
2019-07-10,-0.0337512276446848,-0.0337512276446848
2019-07-11,-0.0678844161871299,-0.06788441618712997
2019-07-12,-0.0340373403380425,0.039472753868564206
2019-07-15,0.0604436014100294,-0.08114117347266227
2019-07-16,-0.1393767055806641,-0.13937670558066412
2019-07-17,0.0225512788560902,0.022551278856090203
2019-07-18,0.0956195530666192,0.09561955306661926
2019-07-19,-0.0021122444055926,-0.012808461572604499
2019-07-22,-0.0244493539420194,-0.01797762558619315
2019-07-23,-0.0437079665954766,-0.04370796659547665
2019-07-24,-0.009013724991008,-0.009013724991008056
2019-07-25,0.0101316211442782,0.010131621144278298
2019-07-26,-0.0122965201773661,-0.004199559341958318
2019-07-29,-0.0035355357080161,-0.036225536898156364
2019-07-30,0.0092310278570632,0.009231027857063211
2019-07-31,0.0485753181457759,0.04857531814577599
2019-08-01,0.0306625402642424,0.03066254026424243
2019-08-02,0.017802375230705,0.011330721144643396
2019-08-05,0.0733974125327201,0.11547381708019212
2019-08-06,-0.0281316330512396,-0.02813163305123966
2019-08-07,0.039612102673995,0.03961210267399502
2019-08-08,0.002044345052785,0.0020443450527850055
2019-08-09,-0.01256934448172,-0.008684364496770227
2019-08-12,-0.0123079951251755,-0.04133166407356546
2019-08-13,-0.043707143389405,-0.04370714338940503
2019-08-14,-0.0806379719242745,-0.0806379719242745
2019-08-15,0.0255220459657217,0.025522045965721746
2019-08-16,0.0011058104152143,0.006071112000481698
2019-08-19,0.0536528635334391,0.05089918277860038
2019-08-20,-0.0140986026461183,-0.01409860264611838
2019-08-21,-0.0598402678622867,-0.05984026786228671
2019-08-22,-0.0006901282262681,-0.0006901282262681483
2019-08-23,0.0002454225128613,0.026965838908487968
2019-08-26,0.0226543314762486,-0.0035752398936555367
2019-08-27,-0.0180309832250304,-0.018030983225030404
2019-08-28,-0.0432443323215166,-0.04324433232151661
2019-08-29,-0.0253558805864208,-0.025355880586420892
2019-08-30,0.0210771428971578,0.009207926773968323
2019-09-03,0.0263987983247197,0.10149944313938315
2019-09-04,-0.0027379439807032,-0.002737943980703232
2019-09-05,-0.0017912085396542,-0.0017912085396542573
2019-09-06,-0.004258770795142,-0.021237571181720684
2019-09-09,-0.0102330960053978,-0.0017718372091034054
2019-09-10,-0.021417820975587,-0.021417820975587025
2019-09-11,0.0061491684329552,0.006149168432955224
2019-09-12,0.022513994030435,0.022513994030435
2019-09-13,-0.0020045197720999,-0.004774055257204667
2019-09-16,-0.0068771801807728,-0.008116684239868088
2019-09-17,-0.0034624627057502,-0.003462462705750272
2019-09-18,-0.0042099302272132,-0.004209930227213259
2019-09-19,0.0066619464013658,0.0066619464013658175
2019-09-20,-0.0064260669800626,-0.00829163618618558
2019-09-23,-0.0344552504686139,-0.045441815222616234
2019-09-24,-0.1209936495214672,-0.1209936495214672
2019-09-25,-0.0156160153711765,-0.015616015371176536
2019-09-26,-0.0443317509322752,-0.04433175093227527
2019-09-27,-0.0006074540652536,0.01623387232043621
2019-09-30,0.0231358039600011,0.005079569443804085
2019-10-01,0.0059395226486973,0.005939522648697366
2019-10-02,0.0059470393194238,0.005947039319423827
2019-10-03,-0.015979386618286,-0.01597938661828606
2019-10-04,-0.0111545756272327,-0.00656542608285994
2019-10-07,0.0317226049603432,0.00482430416150488
2019-10-08,-0.0020443649815999,-0.0020443649815999844
2019-10-09,0.0436286041566608,0.04362860415666088
2019-10-10,-0.0010786272982693,-0.0010786272982693222
2019-10-11,-0.0104683291931397,-0.03131474095669686
2019-10-14,0.006430502888083,0.0063402562653607645
2019-10-15,-0.0204249337266119,-0.02042493372661194
2019-10-16,-0.0194238919419784,-0.019423891941978407
2019-10-17,0.0069819797390667,0.006981979739066776
2019-10-18,0.0048253964442567,-0.016259940076949107
2019-10-21,0.0026287932719727,0.033364922681691965
2019-10-22,-0.020282321366639,-0.02028232136663908
2019-10-23,-0.0723121027048308,-0.07231210270483085
2019-10-24,-0.0028228801699561,-0.0028228801699561206
2019-10-25,0.0808954079187662,0.14476109386093217
2019-10-28,-0.0314326765056145,0.066492453389752
2019-10-29,0.0183628119185334,0.018362811918533402
2019-10-30,-0.0238250957188314,-0.023825095718831422
2019-10-31,-0.0006673727616756,-0.0006673727616756513
2019-11-01,0.0012935428485151,0.006664947063719231
2019-11-04,0.0190115258543915,0.01622720733621759
2019-11-05,-0.0074737153095655,-0.007473715309565572
2019-11-06,0.0019624814591623,0.0019624814591623348
2019-11-07,-0.0100189960017422,-0.010018996001742247
2019-11-08,-0.0077150249978518,-0.05121408380627322
2019-11-11,-0.0334318481909405,-0.005362839378222957
2019-11-12,0.0065865532404471,0.0065865532404471615
2019-11-13,-0.000839701097148,-0.0008397010971480578
2019-11-14,-0.0114372021814839,-0.011437202181483985
2019-11-15,-0.0050183604851776,-0.02512939756383665
2019-11-18,-0.0318242393833974,-0.021749923275093855
2019-11-19,-0.0124903748385561,-0.01249037483855615
2019-11-20,-0.0220390715609403,-0.022039071560940312
2019-11-21,-0.0490867681256861,-0.049086768125686187
2019-11-22,-0.0270084583304029,-0.04635206471928927
2019-11-25,0.0138393705913403,-0.02083393968057909
2019-11-26,0.0100578355100451,0.010057835510045162
2019-11-27,0.0166711792636891,0.04248662643530125
2019-11-29,-0.0017380947905379,0.0300266422291613
2019-12-02,-0.0138754771108136,-0.058260671619511886
2019-12-03,-0.0002517083198087,-0.0002517083198087148
2019-12-04,-0.0093481325408938,-0.00934813254089389
2019-12-05,0.0267047677560738,0.026704767756073822
2019-12-06,0.00515298261296,0.013162839304284675
2019-12-09,-0.0218442536808565,-0.019548145146260902
2019-12-10,-0.0167289991526947,-0.016728999152694785
2019-12-11,-0.0083739838171703,-0.008373983817170333
2019-12-12,0.003555471658463,0.0035554716584630377
2019-12-13,-0.0042065982949622,0.0036588787977558162
2019-12-16,-0.0312165479110369,-0.04749522159367947
2019-12-17,-0.04302813984775,-0.043028139847750044
2019-12-18,0.0915020395898456,0.09150203958984561
2019-12-19,-0.0102155997884909,-0.01021559978849091
2019-12-20,0.0139903430521689,0.002215025702357289
2019-12-23,-0.0209812189442781,0.01877478450987132
2019-12-24,-0.0055002839749695,-0.004509590580982912
2019-12-26,-0.0049867347739121,-0.011477712142868366
2019-12-27,0.0083526764050539,0.007037180653861685
2019-12-30,-0.0176222033336949,0.0003986452276054964
2019-12-31,-0.0064045390702623,-0.013722694823239307
2020-01-02,-0.030272928096194,-0.029359311413479416
2020-01-03,0.0197252999055391,0.050171745960031294
2020-01-06,0.0471614672356596,0.05616562099224607
2020-01-07,0.0495268893264055,0.04952688932640552
2020-01-08,-0.0103216732028055,-0.010321673202805576
2020-01-09,-0.0251648511144178,-0.02516485111441786
2020-01-10,0.0130027820574367,0.0358370170573265
2020-01-13,-0.0059130643872621,-0.0027417352722781674
2020-01-14,0.0805965063783667,0.0805965063783667
2020-01-15,-0.0023537488141357,-0.0023537488141357047
2020-01-16,-0.0094947463248592,-0.009494746324859216
2020-01-17,-0.0019027168326986,0.023255338715640103
2020-01-21,0.0101419279340569,-0.02072427811237755
2020-01-22,-0.007461951294768,-0.007461951294768086
2020-01-23,-0.0321153677231954,-0.03211536772319544
2020-01-24,0.0074621549762189,0.00461893300829455
2020-01-27,0.0357604249823632,0.05352795690272583
2020-01-28,0.049140656693548,0.04914065669354804
2020-01-29,-0.0044936586728142,-0.004493658672814258
2020-01-30,0.0204370369180801,0.020437036918080173
2020-01-31,-0.0058214955869409,-0.01680504867594127
2020-02-03,-0.0054559700777158,-0.006115408162597332
2020-02-04,-0.0121854536490776,-0.0121854536490776
2020-02-05,0.0460283479927525,0.04602834799275258
2020-02-06,0.0120330844939429,0.012033084493942919
2020-02-07,0.0129971383531607,0.0067748353927720014
2020-02-10,-0.0260425058699563,0.0061740737967538204
2020-02-11,0.0350524467462707,0.03505244674627077
2020-02-12,0.011475404940052,0.011475404940052
2020-02-13,-0.0108737626421834,-0.010873762642183454
2020-02-14,-0.0131718450398164,0.009523015160699344
2020-02-18,0.0455756924777511,-0.016634702842213998
2020-02-19,-0.0514499840432895,-0.05144998404328957
2020-02-20,-0.0025892656683303,-0.0025892656683303506
2020-02-21,0.0107874797835098,0.008081532009711982
2020-02-24,-0.0280319921936569,-0.0037510848528392524
2020-02-25,-0.0324872375384524,-0.03248723753845248
2020-02-26,-0.0574076879254873,-0.057407687925487366
2020-02-27,-0.0040929663884492,-0.004092966388449268
2020-02-28,-0.008533764879104,-0.012836217768337236
2020-03-02,0.0352507395901518,0.022485662721176816
2020-03-03,-0.0092747648117554,-0.009274764811755473
2020-03-04,-0.0037097436703969,-0.0037097436703969933
2020-03-05,0.0362848420114212,0.03628484201142127
2020-03-06,-0.0376907849771673,0.004811004368074786
2020-03-09,-0.0230142932918443,-0.14089765259142117
2020-03-10,-0.001757685080185,-0.0017576850801850666
2020-03-11,0.0002149884883273,0.00021498848832731012
2020-03-12,-0.4647301753397729,-0.46473017533977296
2020-03-13,0.0271321282606058,0.11268622219754491
2020-03-16,-0.0726450577091189,-0.10393489512484624
2020-03-17,0.0412455256701917,0.04124552567019178
2020-03-18,0.0024482043860695,0.002448204386069575
2020-03-19,0.1671043242496126,0.1671043242496126
2020-03-20,-0.0200223529766571,0.0012244500086869695
2020-03-23,0.0957832376514626,0.0344917287128044
2020-03-24,0.0484447085736408,0.04844470857364082
2020-03-25,-0.0080115599397208,-0.00801155993972081
2020-03-26,0.005281211361417,0.005281211361417012
2020-03-27,-0.0419589435985887,-0.03741337669931112
2020-03-30,0.0822684486027862,-0.006195005493668829
2020-03-31,0.0013681074096151,0.001368107409615196
2020-04-01,0.0257778031656759,0.025777803165675912
2020-04-02,0.0278887559659614,0.02788875596596145
2020-04-03,-0.0001224469348887,-0.008906283829348233
2020-04-06,0.0683840155136498,0.07692295853833174
2020-04-07,-0.0132013831407586,-0.013201383140758695
2020-04-08,0.0217346261162095,0.021734626116209514
2020-04-09,-0.0126906658633621,-0.004373997983961782
2020-04-13,-0.018247903368068,-0.0646365688375548
2020-04-14,-0.0003813508563592,-0.0003813508563592871
2020-04-15,-0.0297129370766832,-0.029712937076683203
2020-04-16,0.0690291127264351,0.06902911272643515
2020-04-17,0.003384130982613,-0.0029015210954838368
2020-04-20,-0.0437078926190566,-0.030653978575733924
2020-04-21,-0.0002376428480456,-0.00023764284804566149
2020-04-22,0.033849812461733,0.033849812461733006
2020-04-23,0.0429733471762611,0.04297334717626114
2020-04-24,0.0110378201200344,0.016178084496425684
2020-04-27,0.0149573560480282,0.03189273191170601
2020-04-28,0.0014686626299017,0.0014686626299017075
2020-04-29,0.119841406444289,0.11984140644428902
2020-04-30,-0.0163219781859235,-0.01632197818592355
2020-05-01,0.0090730418404779,0.02353691044657035
2020-05-04,0.0017052718293899,0.00538748690425361
2020-05-05,0.0100935669896452,0.010093566989645255
2020-05-06,0.0290841262398248,0.029084126239824877
2020-05-07,0.0710753668546627,0.07107536685466279
2020-05-08,-0.0426455982042771,-0.010998547172291293
2020-05-11,-0.0178173566160173,-0.13475560405655743
2020-05-12,0.0232893964825246,0.0232893964825246
2020-05-13,0.0515216067309946,0.05152160673099469
2020-05-14,0.0488143083365274,0.048814308336527425
2020-05-15,-0.0021638544268435,-0.04255454133663077
2020-05-18,0.0057570950715238,0.04182007312762408
2020-05-19,0.0002531804680276,0.0002531804680276828
2020-05-20,-0.0214070538650415,-0.021407053865041548
2020-05-21,-0.0474397811200526,-0.04743978112005262
2020-05-22,-0.0048595142830082,0.011039704675422358
2020-05-26,-0.0081030639932205,-0.03858082580067597
2020-05-27,0.0384109712226946,0.038410971222694656
2020-05-28,0.0368607148089735,0.03686071480897355
2020-05-29,-0.0022714938992058,-0.00913557886418624
2020-06-01,0.0719893164023377,0.07431041356890652
2020-06-02,-0.0647494748028366,-0.06474947480283666
2020-06-03,0.0132296949908962,0.013229694990896244
2020-06-04,0.0147935393856525,0.014793539385652563
2020-06-05,-0.0014241763575447,-0.013881075272663914
2020-06-08,0.0012940603543832,0.010902606554413228
2020-06-09,0.0024746476660235,0.002474647666023554
2020-06-10,0.0075659170073052,0.00756591700730524
2020-06-11,-0.0571557191412842,-0.05715571914128428
2020-06-12,0.0023164820496374,0.01691958379014404
2020-06-15,0.0067858623376862,-0.0031842753035456377
2020-06-16,0.0091973393680267,0.00919733936802677
2020-06-17,-0.0060751772572968,-0.006075177257296805
2020-06-18,-0.0072426439750119,-0.00724264397501192
2020-06-19,-0.0038546414383966,-0.013243316204145586
2020-06-22,0.0364203993156313,0.038099791204587015
2020-06-23,-0.0019773010491619,-0.0019773010491619188
2020-06-24,-0.0333709232737798,-0.033370923273779836
2020-06-25,-0.0052530814953213,-0.005253081495321345
2020-06-26,-0.0043905038852757,-0.011059043986902698
2020-06-29,0.005156696867222,0.003044229198297665
2020-06-30,-0.0057681176339668,-0.005768117633966839
2020-07-01,0.009836784692078,0.00983678469207803
2020-07-02,-0.0042176870585634,-0.011433924918011266
2020-07-06,0.0326903640545286,0.027253540738286192
2020-07-07,-0.0132274750284945,-0.013227475028494522
2020-07-08,0.0188495850546219,0.01884958505462196
2020-07-09,-0.0160767727161909,-0.016076772716190905
2020-07-10,-5.273746673787842e-05,9.051613040455209e-05
2020-07-13,-0.0035513578688562,-0.0038000863994744785
2020-07-14,-4.331631390260929e-05,-4.331631390260929e-05
2020-07-15,-0.005465061808117,-0.005465061808117076
2020-07-16,-0.0066149394632748,-0.006614939463274875
2020-07-17,0.0019503535763208,0.002096417007004295
2020-07-20,-0.0023526855605594,0.001401958161398901
2020-07-21,0.0227265724190093,0.022726572419009328
2020-07-22,0.0159234674311848,0.015923467431184803
2020-07-23,0.0058314531883772,0.005831453188377249
2020-07-24,0.0110890087178882,-0.004621806400934839
2020-07-27,0.1040086659850617,0.14189749853966127
2020-07-28,-0.0071266633721213,-0.007126663372121388
2020-07-29,0.0170487071772516,0.01704870717725163
2020-07-30,0.0009676074745081,0.0009676074745081875
2020-07-31,-0.0017324666723173,0.01892242337372686
2020-08-03,0.0172860533562396,-0.006833770034438986
2020-08-04,-0.0036037470015529,-0.0036037470015529804
2020-08-05,0.0471600379035357,0.04716003790353572
2020-08-06,0.0027841443313858,0.002784144331385825
2020-08-07,-0.0029569413171026,-0.015251902049187646
2020-08-10,0.0171842009045903,0.023565279002469842
2020-08-11,-0.0401611128627876,-0.04016111286278769
2020-08-12,0.0151693007557726,0.015169300755772669
2020-08-13,0.0170488539554167,0.017048853955416797
2020-08-14,0.0030597076635995,-0.001296361228177031
2020-08-17,0.0299517604098842,0.040427244628860215
2020-08-18,-0.021709414754999,-0.02170941475499902
2020-08-19,-0.0196178869913663,-0.01961788699136637
2020-08-20,0.0101613277417586,0.01016132774175868
2020-08-21,-0.0060464759799011,-0.024361862793125022
2020-08-24,0.0093644586352348,0.015586893488656644
2020-08-25,-0.0353060044085323,-0.035306004408532356
2020-08-26,0.0106963347639654,0.010696334763965401
2020-08-27,-0.0144634776739617,-0.014463477673961746
2020-08-28,0.0112335361856078,0.01916471859560327
2020-08-31,-0.002623558191725,0.01191233176949521
2020-09-01,0.0244952878450409,0.02449528784504093
2020-09-02,-0.0475998283628147,-0.04759982836281475
2020-09-03,-0.108024907829682,-0.108024907829682
2020-09-04,0.0030140419248792,0.02568095890557451
2020-09-08,-0.0232239055901114,-0.03684869679616901
2020-09-09,0.0108798357097584,0.010879835709758444
2020-09-10,0.0117242949135244,0.011724294913524443
2020-09-11,-0.001269172616149,0.003638635248421432
2020-09-14,0.0340036509277638,0.02655749783089545
2020-09-15,0.0108125107428243,0.010812510742824319
2020-09-16,0.016347532426243,0.016347532426243053
2020-09-17,-0.002364091830582,-0.002364091830582051
2020-09-18,-0.0003264836870149,-0.0004023369137903027
2020-09-21,-0.0444933108280508,-0.04507042497530536
2020-09-22,0.0072569445920738,0.0072569445920738825
2020-09-23,-0.0281258288104678,-0.028125828810467837
2020-09-24,0.0489361364351195,0.04893613643511954
2020-09-25,0.0004706412929824,-0.00627888978372976
2020-09-28,-0.0061082271463503,0.001582586516326876
2020-09-29,0.0125255833075157,0.01252558330751577
2020-09-30,-0.0055619032310387,-0.0055619032310387645
2020-10-01,-0.0154216754012216,-0.015421675401221661
2020-10-02,0.0015698520127138,-0.004102545378274992
2020-10-05,0.0115322790247333,0.020344380441149872
2020-10-06,-0.0176596640622518,-0.017659664062251813
2020-10-07,0.0060698124506212,0.006069812450621233
2020-10-08,0.0228613846473142,0.022861384647314218
2020-10-09,0.0140080068789731,0.013537193923190284
2020-10-12,0.014924866101628,0.043411692815357325
2020-10-13,-0.011267025530866,-0.011267025530866026
2020-10-14,0.0003156734004635,0.000315673400463534
2020-10-15,0.0057442413776369,0.005744241377636975
2020-10-16,-0.0003478650743276,-0.01518396829079633
2020-10-19,0.0222763414650634,0.036416714532876704
2020-10-20,0.0147348266052493,0.014734826605249336
2020-10-21,0.0733840543058693,0.07338405430586939
2020-10-22,0.0110279875667966,0.011027987566796663
2020-10-23,0.0016740957156314,-0.0026529704553783216
2020-10-26,0.0033765071930938,0.011051764795366686
2020-10-27,0.0433275589626535,0.04332755896265355
2020-10-28,-0.0284458494184554,-0.02844584941845549
2020-10-29,0.0124751034586466,0.012475103458646658
2020-10-30,0.007341030176805,0.008052075583308513
2020-11-02,-0.0136782301231188,0.00029278482398794155
2020-11-03,0.0290784151533746,0.02907841515337467
2020-11-04,0.0130614446957186,0.013061444695718672
2020-11-05,0.0974158108042441,0.09741581080424415
2020-11-06,-0.0021524679968331,-0.0008969303080480761
2020-11-09,-0.009558200327301,-0.015118674009752671
2020-11-10,-0.0027046871096147,-0.002704687109614758
2020-11-11,0.0264880155918153,0.026488015591815354
2020-11-12,0.0359667008912632,0.03596670089126322
2020-11-13,-0.0066345480411433,0.0025443132057155655
2020-11-16,0.0465638986904128,0.024115941361267147
2020-11-17,0.0541024758441383,0.054102475844138374
2020-11-18,0.0089479998763616,0.008947999876361636
2020-11-19,0.0007346200168832,0.0007346200168832048
2020-11-20,0.0101869684245416,0.04414876269819295
2020-11-23,-0.0003201850997088,-0.013908042524277017
2020-11-24,0.0396802677655616,0.03968026776556164
2020-11-25,-0.0540222929992118,-0.019839332374638075
2020-11-27,0.0193830679155498,-0.090670047879814
2020-11-30,0.0766631523401536,0.13727715034283186
2020-12-01,-0.0428305306024291,-0.04283053060242915
2020-12-02,0.0209508141373089,0.020950814137308933
2020-12-03,0.0126433160461806,0.012643316046180679
2020-12-04,-0.0017234033528193,-0.039099467524232566
2020-12-07,-0.0079659565613177,0.025963300904456782
2020-12-08,-0.0464184595562448,-0.04641845955624486
2020-12-09,0.0126250410295785,0.012625041029578565
2020-12-10,-0.0156946402208056,-0.01569464022080565
2020-12-11,0.0156395465401975,-0.011347356530151446
2020-12-14,0.0054318633379785,0.0636978594887226
2020-12-15,0.0088161584772036,0.008816158477203611
2020-12-16,0.0930515975767781,0.0930515975767781
2020-12-17,0.0677824271107488,0.06778242711074886
2020-12-18,0.0096822873088491,0.014487680725324005
2020-12-21,-0.0291380769323269,-0.014578895731103651
2020-12-22,0.0420765679457784,0.04207656794577848
2020-12-23,-0.0230394366630096,-0.023039436663009637
2020-12-24,0.0306455310002574,0.021057908650393337
2020-12-28,0.0304580432942412,0.1319822586448777
2020-12-29,0.0101981764862759,0.010198176486275929
2020-12-30,0.0526251818893512,0.05262518188935121
2020-12-31,0.0320209846573697,0.005558802229052879
2021-01-04,-0.0250224673558166,0.09750266904460976
2021-01-05,0.0612800117132047,0.06128001171320478
2021-01-06,0.0800218282308806,0.08002182823088061
2021-01-07,0.0668709242585274,0.06687092425852742
2021-01-08,-0.0087027062326438,0.0355928898794487
2021-01-11,-0.0755139006037258,-0.1372149091811059
2021-01-12,-0.0473164778588286,-0.04731647785882869
2021-01-13,0.0953397207362558,0.09533972073625589
2021-01-14,0.0489216127788524,0.048921612778852486
2021-01-15,-0.0168709573640093,-0.06216649897230796
2021-01-19,-0.0154135228801926,-0.02073085336392201
2021-01-20,-0.0145792169753381,-0.014579216975338103
2021-01-21,-0.1425281308183599,-0.14252813081835994
2021-01-22,0.0154632058109253,0.06833341147530216
2021-01-25,0.0023822686367903,-0.019561525405735965
2021-01-26,0.0062663834606839,0.006266383460683916
2021-01-27,-0.0678743452244091,-0.06787434522440919
2021-01-28,0.0950202595471698,0.0950202595471698
2021-01-29,-0.0035219699515519,0.025090070847817985
2021-02-01,0.0126875420679964,-0.022968438634477506
2021-02-02,0.0571679388794204,0.057167938879420434
2021-02-03,0.0537738978015389,0.053773897801538996
2021-02-04,-0.0146786767038231,-0.01467867670382311
2021-02-05,0.0173883354687197,0.03245885330843299
2021-02-08,0.1718205618881232,0.19152671498584972
2021-02-09,0.0061426193854515,0.0061426193854515
2021-02-10,-0.0342032034296281,-0.03420320342962812
2021-02-11,0.0644676160583937,0.06446761605839371
2021-02-12,0.0001863585169203,-0.008478464657924508
2021-02-16,0.0258352607407487,0.035059159466354566
2021-02-17,0.0582141521695215,0.058214152169521576
2021-02-18,-0.0090382265893042,-0.009038226589304248
2021-02-19,0.0358041595559479,0.07828513543693166
2021-02-22,-0.0596634472552541,-0.0305361040243421
2021-02-23,-0.104585244501009,-0.10458524450100902
2021-02-24,0.0178814957381204,0.017881495738120444
2021-02-25,-0.0539697592520517,-0.053969759252051705
2021-02-26,-0.0141410315012125,-0.016142075456887308
2021-03-01,0.0949011603271388,0.06862014128038851
2021-03-02,-0.0255549252084907,-0.025554925208490772
2021-03-03,0.0436647276939014,0.043664727693901485
2021-03-04,-0.0399061221991278,-0.0399061221991278
2021-03-05,0.0176820054992131,0.007511420176535919
2021-03-08,0.0201031365155021,0.06563773283660569
2021-03-09,0.0481568402532353,0.048156840253235314
2021-03-10,0.0213741797980277,0.021374179798027783
2021-03-11,0.0315730003902977,0.031573000390297756
2021-03-12,0.0085236652497694,-0.008216872853115568
2021-03-15,-0.0589552084168218,-0.025167339814397775
2021-03-16,0.0159294715476091,0.015929471547609108
2021-03-17,0.0357241870803577,0.03572418708035779
2021-03-18,-0.0173391519166133,-0.017339151916613386
2021-03-19,-0.0019384880715471,0.008394319050580128
2021-03-22,-0.053456881044433,-0.06766666430965458
2021-03-23,0.0038401154329438,0.0038401154329438564
2021-03-24,-0.0365517577776576,-0.036551757777657644
2021-03-25,-0.0204854329155564,-0.020485432915556448
2021-03-26,0.026311174720671,0.06428841931989358
2021-03-29,0.031655029393317,0.04630013423543699
2021-03-30,0.0200146099199841,0.020014609919984168
2021-03-31,1.935944759335448e-05,1.935944759335448e-05
2021-04-01,-0.0006810035782034,0.0029992328786879927
2021-04-05,0.0050812073262131,-0.0006420398652886788
2021-04-06,-0.0147638975496215,-0.01476389754962159
2021-04-07,-0.0375288708531642,-0.037528870853164246
2021-04-08,0.0397876757042268,0.03978767570422682
2021-04-09,0.0105806508826509,-0.001354549836114697
2021-04-12,-0.0051876189981433,0.027908883485924286
2021-04-13,0.0585271434502676,0.05852714345026763
2021-04-14,-0.0062199381491709,-0.006219938149170958
2021-04-15,0.0032322511169766,0.003232251116976691
2021-04-16,-0.0396339930246976,-0.027886621874568536
2021-04-19,-0.0087889791177966,-0.09980433631732116
2021-04-20,0.013347500558966,0.013347500558966063
2021-04-21,-0.0465197455418273,-0.04651974554182734
2021-04-22,-0.0405818837468071,-0.040581883746807136
2021-04-23,-0.0182514877147604,-0.013001302685204313
2021-04-26,0.0974797068019545,0.055726546342877346
2021-04-27,0.0185483191486537,0.01854831914865377
2021-04-28,-0.0037942553737364,-0.0037942553737364284
2021-04-29,-0.0234296738251332,-0.023429673825133245
2021-04-30,0.0186155708303499,0.07541518772096198
2021-05-03,0.0100011022054022,-0.009567373024509943
2021-05-04,-0.0699936362237769,-0.06999363622377694
2021-05-05,0.0738970864744768,0.07389708647447689
2021-05-06,-0.0180550935576416,-0.018055093557641698
2021-05-07,0.0106776961500653,0.016877096781434925
2021-05-10,-0.0415955411597145,-0.026439549490953448
2021-05-11,0.0150099573442893,0.015009957344289306
2021-05-12,-0.142967146773037,-0.142967146773037
2021-05-13,0.0114429281100927,0.011442928110092723
2021-05-14,-0.0226079245085839,0.003300186759766157
2021-05-17,-0.0648839844864655,-0.1360079447719833
2021-05-18,-0.0145319340846282,-0.014531934084628221
2021-05-19,-0.1481070763518866,-0.14810707635188664
2021-05-20,0.0972750161239599,0.0972750161239599
2021-05-21,-0.0531624083992936,-0.08913981683679192
2021-05-24,0.1072224368266423,0.036875028465553294
2021-05-25,-0.0078787825810242,-0.007878782581024249
2021-05-26,0.0229615658127685,0.022961565812768543
2021-05-27,-0.0220571810715349,-0.02205718107153495
2021-05-28,-0.007286485433036,-0.07393611150144239
2021-06-01,-0.0175078535731165,0.02728231619618182
2021-06-02,0.0239777887023138,0.02397778870231388
2021-06-03,0.04255661695137,0.042556616951370016
2021-06-04,-0.0297371766639044,-0.06084038726712561
2021-06-07,-0.066332855635343,-0.09470399835993078
2021-06-08,-0.0026277750634577,-0.002627775063457771
2021-06-09,0.1094741023821375,0.10947410238213756
2021-06-10,-0.0173547429931283,-0.017354742993128305
2021-06-11,0.0210733948900793,0.017067578415986145
2021-06-14,0.0282587879663206,0.07441139422057258
2021-06-15,0.0046584533275275,0.004658453327527578
2021-06-16,-0.052307031596144,-0.052307031596144006
2021-06-17,-0.0076847607876689,-0.007684760787668957
2021-06-18,-0.0212967286317464,-0.06140159139173661
2021-06-21,-0.119521795848678,-0.1220103903521807
2021-06-22,0.0258330476093931,0.025833047609393114
2021-06-23,0.0367666751556131,0.03676667515561315
2021-06-24,0.0274756998576433,0.027475699857643344
2021-06-25,-0.0001230470313434,-0.09130465397426267
2021-06-28,-0.0062332624557557,0.08470225042447661
2021-06-29,0.0407851211241398,0.040785121124139886
2021-06-30,-0.0233252029658524,-0.02332520296585249
2021-07-01,-0.0428182456008745,-0.04281824560087459
2021-07-02,0.0012915326710089,0.00963202091343982
2021-07-06,0.0143922100794616,0.009926319850057335
2021-07-07,-0.0111578266503012,-0.011157826650301255
2021-07-08,-0.0293117785379641,-0.029311778537964177
2021-07-09,0.0135384716293849,0.02761736344787324
2021-07-12,-0.032180926347831,-0.01918287490754947
2021-07-13,-0.0137820864258006,-0.013782086425800635
2021-07-14,0.0036725998364308,0.0036725998364308425
2021-07-15,-0.0322494683568424,-0.032249468356842406
2021-07-16,0.0001686138240118,-0.01136653085848622
2021-07-19,-0.0312725029887108,-0.01940013065818903
2021-07-20,-0.0333385557342124,-0.033338555734212405
2021-07-21,0.0744341723569321,0.07443417235693212
2021-07-22,0.0062837888821696,0.006283788882169604
2021-07-23,0.0299436021420777,0.038503942271904575
2021-07-26,0.0546954286916119,0.10602229284594056
2021-07-27,0.0539428534880362,0.0539428534880362
2021-07-28,0.0148351265164555,0.01483512651645551
2021-07-29,0.0003128737005963,0.00031287370059631146
2021-07-30,-0.000279452826082,0.0541722306526184
2021-08-02,-0.0195252494648086,-0.07453583859567306
2021-08-03,-0.0271224912051319,-0.0271224912051319
2021-08-04,0.0409431646384763,0.04094316463847637
2021-08-05,0.0278383573712466,0.027838357371246687
2021-08-06,0.0230684760610341,0.04653814062641624
2021-08-09,0.0569627120900683,0.0796299996467546
2021-08-10,-0.0169741413926082,-0.01697414139260822
2021-08-11,0.0001887605723412,0.0001887605723412682
2021-08-12,-0.0258917535442005,-0.025891753544200504
2021-08-13,0.0190902591581728,0.07300947971891747
2021-08-16,-0.0224083069211652,-0.03814700916556422
2021-08-17,-0.0288691990345873,-0.02886919903458737
2021-08-18,0.002364966650012,0.002364966650012081
2021-08-19,0.0418858533323493,0.04188585333234935
2021-08-20,0.0180808937152166,0.05459790698385328
2021-08-23,0.0045413466832814,0.004186120845078289
2021-08-24,-0.0378448943309496,-0.03784489433094968
2021-08-25,0.0259601219504294,0.02596012195042943
2021-08-26,-0.0421022974523753,-0.0421022974523753
2021-08-27,0.0131413270350954,0.04409943030226678
2021-08-30,-0.0370246399472771,-0.041700089144257706
2021-08-31,0.0023710718587319,0.002371071858731938
2021-09-01,0.0350056537880171,0.03500565378801719
2021-09-02,0.0097927247881714,0.00979272478817146
2021-09-03,0.0162168046015869,0.014044128006187486
2021-09-07,-0.1172324952972985,-0.06640940489713831
2021-09-08,-0.015494793572991,-0.015494793572991005
2021-09-09,0.0064883905339532,0.006488390533953229
2021-09-10,-0.002366230901957,-0.03303518664446581
2021-09-13,-0.0241742960521183,0.0017621978864764444
2021-09-14,0.0462720067779093,0.046272006777909304
2021-09-15,0.0227546013145089,0.022754601314508963
2021-09-16,-0.0081907394359386,-0.0081907394359386
2021-09-17,-0.0036695160859393,-0.010854079709278335
2021-09-20,-0.0981079383699562,-0.09826240691849591
2021-09-21,-0.0514882678633267,-0.051488267863326775
2021-09-22,0.068399601996783,0.06839960199678301
2021-09-23,0.0298563090232246,0.02985630902322461
2021-09-24,-0.0127634886612623,-0.04686219528987527
2021-09-27,-0.0227715828295698,-0.014199853523481406
2021-09-28,-0.0288523329477418,-0.028852332947741827
2021-09-29,0.0128289248145723,0.012828924814572349
2021-09-30,0.0521827601181641,0.05218276011816411
2021-10-01,0.0319773800630916,0.09420841893127979
2021-10-04,0.0187637285934272,0.02048744985142258
2021-10-05,0.0477476105346845,0.047747610534684515
2021-10-06,0.0720141013773107,0.07201410137731079
2021-10-07,-0.028498794333346,-0.028498794333346032
2021-10-08,0.0059289057793696,0.0030037607441677503
2021-10-11,0.0483489627075724,0.0631319193015135
2021-10-12,-0.0254357635060853,-0.02543576350608531
2021-10-13,0.0239788148164835,0.023978814816483514
2021-10-14,-0.0013872457018979,-0.0013872457018979745
2021-10-15,0.0237441462698437,0.0718874583745788
2021-10-18,0.0076462923492901,0.006991272784242729
2021-10-19,0.0354134436604997,0.03541344366049976
2021-10-20,0.0265778345420356,0.026577834542035658
2021-10-21,-0.0590276683907291,-0.059027668390729156
2021-10-22,-0.0069263791796719,-0.02470225108270476
2021-10-25,0.0340272733340042,0.03795038687769316
2021-10-26,-0.0433771861010622,-0.04337718610106227
2021-10-27,-0.0316638438636827,-0.03166384386368273
2021-10-28,0.0359344915880241,0.03593449158802419
2021-10-29,0.003809642158435,0.026144375505153635
2021-11-01,-0.0051429500650193,-0.019858399094867907
2021-11-02,0.0357758773484733,0.0357758773484733
2021-11-03,-0.0040628056171501,-0.004062805617150114
2021-11-04,-0.024399034254609,-0.02439903425460908
2021-11-05,0.0100171535975882,-0.005328129187967981
2021-11-08,0.0648055609615583,0.1001851509422911
2021-11-09,-0.0088450991822014,-0.008845099182201409
2021-11-10,-0.0299581654204453,-0.02995816542044536
2021-11-11,-0.0006967481072823,-0.0006967481072823624
2021-11-12,0.0026422036092107,-0.012300437518712916
2021-11-15,-0.029592905846716,-0.009365857500370892
2021-11-16,-0.0549224542515835,-0.05492245425158357
2021-11-17,0.0034309649222336,0.00343096492223367
2021-11-18,-0.0584237504033088,-0.058423750403308876
2021-11-19,0.010307725675164,0.02046697304630566
2021-11-22,-0.0424545144774485,-0.03199831049826229
2021-11-23,0.0224812481032128,0.022481248103212805
2021-11-24,-0.0025634409019291,-0.02263871996463873
2021-11-26,-0.0001526483786571,-0.04936196286050174
2021-11-29,0.0097016842182239,0.07611754010353458
2021-11-30,-0.0139559224210751,-0.013955922421075117
2021-12-01,0.003928780734843,0.003928780734843055
2021-12-02,-0.0132273021087431,-0.013227302108743101
2021-12-03,-0.0448427733493527,-0.05233158566534184
2021-12-06,0.0242885268514288,-0.05790820753128781
2021-12-07,0.0023194677368668,0.002319467736866812
2021-12-08,-0.0038592862213869,-0.0038592862213869153
2021-12-09,-0.0577215558084765,-0.057721555808476536
2021-12-10,0.0165470097110913,-0.009035819421615396
2021-12-13,-0.0694413703081753,-0.010764521753285891
2021-12-14,-0.0026748276204264,-0.002674827620426481
2021-12-15,0.0478387780999812,0.04783877809998121
2021-12-16,-0.025504064198459,-0.025504064198459072
2021-12-17,-0.0067706425946224,-0.031180093256039692
2021-12-20,0.003702680378992,0.014570845851164232
2021-12-21,0.0429287928874669,0.042928792887466996
2021-12-22,-0.0063158344064891,-0.006315834406489169
2021-12-23,0.0109684081819962,0.043381939329586325
2021-12-27,-0.0033336209666935,-0.0028419275682948957
2021-12-28,-0.0621514265119765,-0.062151426511976506
2021-12-29,-0.0243360119563418,-0.024336011956341844
2021-12-30,0.0156677387131325,0.01566773871313257
2021-12-31,0.0011785019969609,-0.018649172756865187
2022-01-03,-0.0189146366957637,0.003270042051984343
2022-01-04,-0.012138934663861,-0.012138934663861074
2022-01-05,-0.0520662884548127,-0.05206628845481275
2022-01-06,-0.0094102973035897,-0.009410297303589778
2022-01-07,-0.0097910017038885,-0.037847988650375176
2022-01-10,-0.0021578117662012,0.006317171772508396
2022-01-11,0.0216334106374393,0.021633410637439378
2022-01-12,0.0279939072519118,0.027993907251911834
2022-01-13,-0.03137582795207,-0.03137582795207003
2022-01-14,-0.0020097409363545,0.011859664695822615
2022-01-18,0.002956109256612,-0.016942519184628895
2022-01-19,-0.0150099104428706,-0.01500991044287061
2022-01-20,-0.0258167430956038,-0.02581674309560386
2022-01-21,-0.0381894326579683,-0.10960468291543993
2022-01-24,0.0103529671066989,0.005389352048233727
2022-01-25,0.0081424868269511,0.008142486826951165
2022-01-26,-0.0027608244495656,-0.0027608244495656064
2022-01-27,0.0077338378907859,0.007733837890785913
2022-01-28,0.0069228034574898,0.017247505090414967
2022-01-31,0.0148044080663926,0.018325313348447378
2022-02-01,0.0067373185026341,0.006737318502634114
2022-02-02,-0.0473107399591228,-0.04731073995912287
2022-02-03,0.0054412158319915,0.005441215831991581
2022-02-04,0.0441179788304303,0.11062688345744714
2022-02-07,0.0331115827095373,0.05483863574338098
2022-02-08,0.0063248089653385,0.006324808965338507
2022-02-09,0.0049821136819973,0.00498211368199733
2022-02-10,-0.0176033937813889,-0.01760339378138894
2022-02-11,-0.0106317760325271,-0.026921126055171853
2022-02-14,0.009185768314632,0.0042115662722224485
2022-02-15,0.0456306044872406,0.045630604487240684
2022-02-16,-0.0138552950498985,-0.01385529504989858
2022-02-17,-0.0810823307191044,-0.08108233071910446
2022-02-18,-0.0223224052316869,-0.012586526423760572
2022-02-22,0.0321345343415065,-0.04456856016148077
2022-02-23,-0.0261836346154203,-0.026183634615420347
2022-02-24,0.0273995799515498,0.027399579951549815
2022-02-25,-0.0054604465517326,0.022738450595305906
2022-02-28,0.1357642573033216,0.09664446705281779
2022-03-01,0.0265333803325247,0.026533380332524757
2022-03-02,-0.0097537159354072,-0.009753715935407227
2022-03-03,-0.0340944786524133,-0.03409447865241336
2022-03-04,-0.0332637687963197,-0.0812852755652355
2022-03-07,-0.0093603152707349,-0.027866346094458618
2022-03-08,0.0175847382159609,0.01758473821596099
2022-03-09,0.0804608330138584,0.08046083301385845
2022-03-10,-0.0625468568005302,-0.06254685680053026
2022-03-11,-0.0136980151536546,-0.016425482290646415
2022-03-14,0.0468912994095342,0.022222736239216903
2022-03-15,-0.0083024718981781,-0.00830247189817811
2022-03-16,0.0448654676742004,0.044865467674200424
2022-03-17,-0.0046909168777941,-0.004690916877794194
2022-03-18,0.0024042941736607,0.020538517974936225
2022-03-21,-0.0041257618874666,-0.017451397341420673
2022-03-22,0.0307037913099736,0.03070379130997368
2022-03-23,0.012531246090632,0.012531246090632069
2022-03-24,0.024593725965785,0.024593725965785046
2022-03-25,0.0210065358952068,0.008782716407665668
2022-03-28,0.0065464127633699,0.060783304041324586
2022-03-29,0.0071405997391902,0.00714059973919024
2022-03-30,-0.0085279952347302,-0.0085279952347302
2022-03-31,-0.0329180095425831,-0.03291800954258311
2022-04-01,0.0066304199041314,0.016183454010017757
2022-04-04,0.0036337857461326,0.007341591448509302
2022-04-05,-0.023144860605896,-0.02314486060589607
2022-04-06,-0.0529457051005748,-0.05294570510057487
2022-04-07,0.0068529242315328,0.0068529242315328075
2022-04-08,-0.0100824611821073,-0.028353972258937266
2022-04-11,-0.0657469945548489,-0.06764040584223356
2022-04-12,0.0151989918017609,0.015198991801760953
2022-04-13,0.0255764174954905,0.02557641749549052
2022-04-14,-0.0089630724622646,-0.030364373354540806
2022-04-18,0.0275462683643856,0.02205835186986756
2022-04-19,0.0164352943392353,0.016435294339235306
2022-04-20,-0.0030978678462107,-0.003097867846210707
2022-04-21,-0.0206844397083194,-0.020684439708319406
2022-04-22,-0.0088181353876143,-0.019611085251918917
2022-04-25,0.0247490500760968,0.01790572916517274
2022-04-26,-0.0595995569885474,-0.05959955698854747
2022-04-27,0.0290527349945201,0.029052734994520196
2022-04-28,0.0134839067215247,0.013483906721524785
2022-04-29,-0.0111179840061156,-0.02970235366082905
2022-05-02,0.0015645616058173,-0.002087036751700583
2022-05-03,-0.0204222418409001,-0.02042224184090012
2022-05-04,0.0503126775329916,0.050312677532991644
2022-05-05,-0.0819413647290767,-0.08194136472907673
2022-05-06,-0.0237555593171913,-0.014713780107637159
2022-05-09,-0.1170549632581505,-0.1736078611020874
2022-05-10,0.0236786923864829,0.023678692386482958
2022-05-11,-0.0696270636865209,-0.06962706368652095
2022-05-12,0.0038423156405122,0.0038423156405122537
2022-05-13,0.0249467843176726,0.008069582993285078
2022-05-16,-0.0471639388259309,0.01960683113380203
2022-05-17,0.0186753109718678,0.018675310971867837
2022-05-18,-0.0576896230339538,-0.05768962303395388
2022-05-19,0.054017472510896,0.054017472510896065
2022-05-20,0.00010322089757,-0.03742660999960213
2022-05-23,-0.041229610336667,-0.003493337644354639
2022-05-24,0.0189497817670692,0.01894978176706928
2022-05-25,-0.0031485281301596,-0.0031485281301596416
2022-05-26,-0.0100336995448721,-0.010033699544872113
2022-05-27,0.0201701426185577,-0.022097889022563728
2022-05-31,0.0020756074770069,0.10485406697380147
2022-06-01,-0.0647469306708352,-0.06474693067083527
2022-06-02,0.0221826339109845,0.02218263391098452
2022-06-03,-0.0061929628280669,-0.02536528971019155
2022-06-06,0.0477921711289665,0.05457857235495718
2022-06-07,-0.0068833346588699,-0.006883334658869973
2022-06-08,-0.0306729469834307,-0.030672946983430784
2022-06-09,-0.0033934595457949,-0.0033934595457949636
2022-06-10,-0.0393054993889739,-0.03474221923780006
2022-06-13,-0.1740525517766704,-0.2572268307057921
2022-06-14,-0.0125564169410573,-0.012556416941057361
2022-06-15,0.0163491750838634,0.01634917508386348
2022-06-16,-0.1021124013301035,-0.10211240133010355
2022-06-17,0.0026583999285801,0.004397810882562394
2022-06-21,0.0053769282080973,0.011612717039855306
2022-06-22,-0.0355620053246316,-0.03556200532463169
2022-06-23,0.0535199496525523,0.053519949652552336
2022-06-24,-0.0009273752356369,0.006889809613761697
2022-06-27,-0.0139751808447968,-0.023647116165469387
2022-06-28,-0.0221796927954195,-0.022179692795419582
2022-06-29,-0.0087465122598882,-0.00874651225988825
2022-06-30,-0.016009711756282,-0.016009711756282033
2022-07-01,0.0055796909087959,-0.02639361166796203
2022-07-05,-0.0020358781263047,0.04667649717684102
2022-07-06,0.0175824492578839,0.017582449257883936
2022-07-07,0.0516563933886174,0.05165639338861742
2022-07-08,-0.0121923327254825,0.0043132227124235666
2022-07-11,-0.0435959633947673,-0.08448618428363855
2022-07-12,-0.0329156213890198,-0.03291562138901987
2022-07-13,0.0449367599448216,0.044936759944821686
2022-07-14,0.0175496512632417,0.017549651263241726
2022-07-15,0.0033765312083718,0.012868197042892807
2022-07-18,0.0789196782301286,0.07618107481235145
2022-07-19,0.0394052820034178,0.03940528200341783
2022-07-20,-0.0067652436363693,-0.006765243636369361
2022-07-21,-0.0028926217700481,-0.0028926217700481673
2022-07-22,-0.0080903951906042,-0.019601945764881813
2022-07-25,-0.0567556597820324,-0.061424899588963196
2022-07-26,-0.0057250438268413,-0.0057250438268413185
2022-07-27,0.0765954215493611,0.07659542154936112
2022-07-28,0.0390578308920142,0.03905783089201425
2022-07-29,-0.0071640714057428,-0.001647644691440151
2022-08-01,-0.0009730647082914,-0.020817634234079938
2022-08-02,-0.0145202470826133,-0.01452024708261338
2022-08-03,-0.005744061707541,-0.005744061707541017
2022-08-04,-0.0094795255685209,-0.009479525568520927
2022-08-05,0.0079312640017169,0.028675899088160428
2022-08-08,0.0269715453445785,0.0220894382615691
2022-08-09,-0.0274709934963751,-0.02747099349637511
2022-08-10,0.0332567950538816,0.03325679505388167
2022-08-11,0.0004127620673678,0.00041276206736784357
2022-08-12,0.0049963403694752,0.018415982056898608
2022-08-15,-0.0075268711844549,-0.010953832132927683
2022-08-16,-0.0105657062741354,-0.010565706274135412
2022-08-17,-0.0231819448838646,-0.023181944883864696
2022-08-18,-0.0052959570307789,-0.005295957030778942
2022-08-19,-0.0250208290288228,-0.10602664190168617
2022-08-22,-0.0062988025716225,0.024665352243595003
2022-08-23,0.0060185938546632,0.0060185938546632
2022-08-24,-0.0062003332785291,-0.00620033327852915
2022-08-25,0.0095770166529556,0.009577016652955654
2022-08-26,-0.0321160335602818,-0.06408571655966329
2022-08-29,0.034134991629983,0.001872607508800721
2022-08-30,-0.0250013277835669,-0.02500132778356697
2022-08-31,0.0126966241687939,0.012696624168793951
2022-09-01,0.0038518173635346,0.0038518173635346637
2022-09-02,-0.0039406597001396,-0.007849479691159277
2022-09-06,-0.0504480646723607,-0.058361223781760084
2022-09-07,0.0237451537491359,0.02374515374913594
2022-09-08,0.0020460703035366,0.00204607030353663
2022-09-09,0.0396163293481116,0.10086009766789074
2022-09-12,0.0272421638716643,0.045231054248108374
2022-09-13,-0.097282198923424,-0.09728219892342403
2022-09-14,-0.0027439686753737,-0.0027439686753737906
2022-09-15,-0.0270345862412617,-0.02703458624126178
2022-09-16,-0.0048006950527771,0.0036162281734326176
2022-09-19,0.0063969120229135,-0.011621401308850286
2022-09-20,-0.0340004775470874,-0.03400047754708742
2022-09-21,-0.0183448135152237,-0.018344813515223775
2022-09-22,0.0456416775491289,0.045641677549128984
2022-09-23,-0.0106676250143761,-0.00598857629671097
2022-09-26,0.0221219681572952,-0.0038923305891219915
2022-09-27,-0.0058500341701693,-0.005850034170169328
2022-09-28,0.0164090991571902,0.016409099157190264
2022-09-29,0.0075041857550915,0.007504185755091534
2022-09-30,-0.0091319759781927,-0.007243323491751529
2022-10-03,0.0299741763073446,0.009821571864517747
2022-10-04,0.0357022957027779,0.035702295702777984
2022-10-05,-0.0086982060750251,-0.00869820607502516
2022-10-06,-0.0102340417585951,-0.010234041758595132
2022-10-07,-0.0086128891651654,-0.02068782806747579
2022-10-10,-0.0158053521470878,-0.02095619157510827
2022-10-11,-0.0047164037127047,-0.004716403712704758
2022-10-12,0.0055498963744709,0.005549896374470987
2022-10-13,0.0117000265222977,0.011700026522297709
2022-10-14,-0.0019803004727153,-0.010228526229371489
2022-10-17,0.014563494131467,0.01885111894269266
2022-10-18,-0.0111273273493285,-0.011127327349328565
2022-10-19,-0.0101306218959408,-0.010130621895940859
2022-10-20,-0.0044926791591304,-0.004492679159130498
2022-10-21,0.0088604843338728,0.00621191065339352
2022-10-24,-0.0113813032552683,0.008988239092956676
2022-10-25,0.038050125599863,0.038050125599863024
2022-10-26,0.0330171943589474,0.033017194358947406
2022-10-27,-0.0236079843216214,-0.023607984321621485
2022-10-28,0.0056983348376861,0.015142492579417856
2022-10-31,-0.0067992188528994,-0.0048467069192588905
2022-11-01,-0.0005124320157945,-0.0005124320157945651
2022-11-02,-0.0160304240158549,-0.01603042401585493
2022-11-03,0.0025011164907872,0.002501116490787244
2022-11-04,0.0116128978331097,0.04533199824767065
2022-11-07,-0.0155878598652272,-0.026081164613568686
2022-11-08,-0.1054286468114609,-0.10542864681146098
2022-11-09,-0.1548895481701471,-0.15488954817014716
2022-11-10,0.1020374090112842,0.1020374090112842
2022-11-11,-0.0242377661111269,-0.03191845360130116
2022-11-14,0.016064732404599,-0.024730112327480673
2022-11-15,0.0159043171795154,0.01590431717951544
2022-11-16,-0.012825680370738,-0.012825680370738035
2022-11-17,0.0010839194206494,0.0010839194206494296
2022-11-18,-0.0079990365630129,0.0006146278457023498
2022-11-21,-0.0314590625870741,-0.05607080012181534
2022-11-22,0.0251747150803918,0.02517471508039186
2022-11-23,0.0126460466767403,0.025667956985737504
2022-11-25,-0.0032242769404356,-0.00536423852736
2022-11-28,-0.0139188482409715,-0.01860330416717548
2022-11-29,0.013940464110346,0.01394046411034608
2022-11-30,0.0430597665839438,0.043059766583943886
2022-12-01,-0.0118020685953673,-0.011802068595367332
2022-12-02,0.0031938645471248,0.007136986045805121
2022-12-05,-0.0091282692171541,-0.006683661621584781
2022-12-06,0.0067330352508194,0.006733035250819497
2022-12-07,-0.0142249778324377,-0.014224977832437721
2022-12-08,0.0226142000810396,0.022614200081039638
2022-12-09,-0.0025100105028641,-0.005838370505888547
2022-12-12,0.0059599279123048,0.004268266909601029
2022-12-13,0.0328647887307288,0.03286478873072886
2022-12-14,0.0019289306421712,0.0019289306421712124
2022-12-15,-0.0256283810210243,-0.02562838102102438
2022-12-16,-0.0118581892666555,-0.04218980898149945
2022-12-19,-0.0191764518948535,-0.012561210713320567
2022-12-20,0.0279887050824722,0.027988705082472278
2022-12-21,-0.0052645094201766,-0.005264509420176635
2022-12-22,0.0007612154110786,0.0007612154110786702
2022-12-23,0.0013253735091508,-0.0019858084288219657
2022-12-27,-0.0120482468683785,-0.004760944402953173
2022-12-28,-0.0098950503002502,-0.009895050300250239
2022-12-29,0.0054086448255194,0.00540864482551941
2022-12-30,0.000691986366991,-0.002391695878759684
2023-01-03,-0.0005162548994983,0.004643386447225168
2023-01-04,0.0109341539620353,0.010934153962035356
2023-01-05,-0.0015728177184386,-0.0015728177184386805
2023-01-06,0.0049990934709592,0.006820792235553174
2023-01-09,0.0061485891873065,0.014325077364631152
2023-01-10,0.0144181338708873,0.014418133870887372
2023-01-11,0.0276211504977311,0.02762115049773119
2023-01-12,0.0508031804901875,0.05080318049018759
2023-01-13,0.0287540551348559,0.053649212803668606
2023-01-17,-0.0003833243793347,0.060983683356420605
2023-01-18,-0.0225928311533006,-0.02259283115330066
2023-01-19,0.0190553341028979,0.019055334102897954
2023-01-20,0.0248723284583563,0.0726845526110478
2023-01-23,0.0093754421985692,0.011307874962590485
2023-01-24,-0.0130770792009061,-0.013077079200906103
2023-01-25,0.0210431847013235,0.021043184701323544
2023-01-26,-0.0036871485938446,-0.003687148593844675
2023-01-27,0.0105660225153719,0.001993046474165044
2023-01-30,-0.0400969146659518,-0.010391893594001021
2023-01-31,0.0130122885395141,0.013012288539514132
2023-02-01,0.0249457345900039,0.024945734590003956
2023-02-02,-0.0106747498773682,-0.010674749877368259
2023-02-03,-0.0074126460739372,-0.000961136247671562
2023-02-06,-0.0085553764212852,-0.02983217839542564
2023-02-07,0.0219101957149328,0.02191019571493288
2023-02-08,-0.0140637224840059,-0.014063722484005989
2023-02-09,-0.0500729479211171,-0.05007294792111713
2023-02-10,-0.0004714192886747,-0.0077228177249046275
2023-02-13,0.0009128497942385,0.007221409653118935
2023-02-14,0.0187474660501362,0.018747466050136215
2023-02-15,0.0897700078631962,0.08977000786319626
2023-02-16,-0.0285581014815657,-0.028558101481565734
2023-02-17,0.0124443496811978,0.03910624942610064
2023-02-21,-0.0159463815377237,-0.005275232239033175
2023-02-22,-0.0101803968810031,-0.010180396881003117
2023-02-23,-0.0100279167620181,-0.010027916762018151
2023-02-24,-0.0054205898852461,-0.03179206740644356
2023-02-27,-0.0016286524916948,0.01390164525901003
2023-02-28,-0.016092730875103,-0.016092730875103014
2023-03-01,0.0213368049391636,0.021336804939163678
2023-03-02,-0.0072613502094817,-0.007261350209481709
2023-03-03,-0.0151035915255225,-0.04856242572977136
2023-03-06,-0.0002565841781915,0.0029950669750121593
2023-03-07,-0.0094061389660416,-0.009406138966041635
2023-03-08,-0.022837315061132,-0.022837315061132093
2023-03-09,-0.0644245133285333,-0.06442451332853331
2023-03-10,0.028248825402109,-0.00866965688311379
2023-03-13,0.0877836343684854,0.18119976745792632
2023-03-14,0.0224161647975057,0.02241616479750579
2023-03-15,-0.0150694198256179,-0.015069419825617957
2023-03-16,0.0273877219696504,0.027387721969650478
2023-03-17,0.037533224612268,0.09043081735478727
2023-03-20,-0.0097280586770752,0.012440797804941606
2023-03-21,0.0146072594573107,0.014607259457310753
2023-03-22,-0.0313049347860252,-0.031304934786025286
2023-03-23,0.0369024309214414,0.03690243092144147
2023-03-24,-0.0040198464819389,-0.03011973318555565
2023-03-27,-0.0309974400560333,-0.012937246316294546
2023-03-28,0.004714100093914,0.004714100093914092
2023-03-29,0.0388533993126916,0.03885339931269162
2023-03-30,-0.0111695987413331,-0.011169598741333131
2023-03-31,0.0019650022073588,0.015746414888453637
2023-04-03,-0.014613274150394,-0.024464682416771046
2023-04-04,0.0135055858746378,0.01350558587463783
2023-04-05,0.0003512057047058,0.0003512057047058866
2023-04-06,0.0013720045564228,-0.004761257346579407
2023-04-10,0.0455336467573902,0.05578292232966071
2023-04-11,0.0194394895643321,0.019439489564332186
2023-04-12,-0.0031803678161343,-0.0031803678161343176
2023-04-13,0.0085901337682815,0.008590133768281546
2023-04-14,-0.0009191774426298,0.002845797962018112
2023-04-17,-0.0291287232768213,-0.034732053566728906
2023-04-18,0.0318364609978162,0.03183646099781629
2023-04-19,-0.0531995366286723,-0.05319953662867234
2023-04-20,-0.020211126619281,-0.020211126619281063
2023-04-21,-0.0078159539808975,-0.034910877271712444
2023-04-24,-0.0023965485595713,0.009066466769448266
2023-04-25,0.0280232077739538,0.02802320777395386
2023-04-26,0.0040579258685806,0.004057925868580612
2023-04-27,0.0363131328622946,0.03631313286229464
2023-04-28,-0.0023263222095461,-0.004540602889751968
2023-05-01,-0.0410528562110149,-0.043491219949901495
2023-05-02,0.0207492702911204,0.020749270291120427
2023-05-03,0.0112946008250287,0.011294600825028724
2023-05-04,-0.0054826978253753,-0.005482697825375376
2023-05-05,-0.0045691697312624,0.02352452363535224
2023-05-08,-0.0270974803125891,-0.06432951314172883
2023-05-09,-0.0012826051136456,-0.0012826051136456092
2023-05-10,-0.0013393336115541,-0.0013393336115541375
2023-05-11,-0.0227376278728039,-0.0227376278728039
2023-05-12,-0.0008671558574119,-0.007278017155925187
2023-05-15,0.0096836881797241,0.014360237763413684
2023-05-16,-0.0057549433066925,-0.005754943306692564
2023-05-17,0.0133059491984704,0.013305949198470446
2023-05-18,-0.0208963229384923,-0.020896322938492334
2023-05-19,-0.000975165366311,0.0021562704301694635
2023-05-22,0.0036358955711424,-0.0014458709579600248
2023-05-23,0.0138489626434261,0.013848962643426162
2023-05-24,-0.0332704001878959,-0.03327040018789596
2023-05-25,0.0053545262051376,0.005354526205137628
2023-05-26,0.011710262663293,0.009139332662057487
2023-05-30,-0.0015702994220325,0.03613141856908236
2023-05-31,-0.017577792723265,-0.017577792723265092
2023-06-01,-0.014792581991188,-0.014792581991188054
2023-06-02,0.003696726535559,0.01589161106579633
2023-06-05,-0.0514103456988917,-0.05621177715801118
2023-06-06,0.0558151185623361,0.05581511856233619
2023-06-07,-0.0333254241208089,-0.03332542412080894
2023-06-08,0.0061383660637044,0.006138366063704449
2023-06-09,-0.0072206995302893,-0.001050860137740086
2023-06-12,-0.0014531650030546,-0.022064403456182706
2023-06-13,0.0006263269559741,0.0006263269559741463
2023-06-14,-0.0311153540326201,-0.031115354032620144
2023-06-15,0.0178193754101164,0.017819375410116443
2023-06-16,0.0121585794555016,0.0289427732653721
2023-06-20,0.05352849528514,0.07322003984177455
2023-06-21,0.0582742132068211,0.05827421320682117
2023-06-22,-0.0038377235796951,-0.0038377235796951737
2023-06-23,0.0062700590477437,0.02584590576815378
2023-06-26,-0.0068848359381765,-0.013920564563099078
2023-06-27,0.0136825634152429,0.013682563415242948
2023-06-28,-0.0198089179130376,-0.01980891791303767
2023-06-29,0.011865197537731,0.011865197537731036
2023-06-30,0.0019150657037957,0.0010472432791648364
2023-07-03,0.0025540236337581,0.02204038015018257
2023-07-05,-0.0085955335212928,-0.02082991257173679
2023-07-06,-0.0200202996399463,-0.020020299639946313
2023-07-07,0.0029060768824174,0.01437090998029806
2023-07-10,0.008029538805166,0.002376859472120276
2023-07-11,0.0067659483655845,0.006765948365584515
2023-07-12,-0.0075166695389679,-0.007516669538967959
2023-07-13,0.0350591179994657,0.03505911799946575
2023-07-14,-0.0132531284140354,-0.036955452769762046
2023-07-17,-0.0034189652941136,-0.006222897766458014
2023-07-18,-0.0096438864949102,-0.009643886494910275
2023-07-19,0.0019193869502834,0.0019193869502834365
2023-07-20,-0.0040836263076462,-0.004083626307646249
2023-07-21,0.0032569872724756,0.003910458253167224
2023-07-24,-0.0306335381648588,-0.024773034600599025
2023-07-25,0.0017284554802405,0.0017284554802405464
2023-07-26,0.0043556533334645,0.004355653333464597
2023-07-27,-0.0049272385842934,-0.004927238584293436
2023-07-28,0.0007365770620554,0.0037094442045335473
2023-07-31,-0.0015450628224417,-0.0030447758408086688
2023-08-01,0.0151302338260884,0.01513023382608844
2023-08-02,-0.0178075075169093,-0.01780750751690934
2023-08-03,0.000916180779175,0.0009161807791750279
2023-08-04,-0.0015667378102492,-0.0035908335462961935
2023-08-07,0.0047652738023778,0.0036558939179262436
2023-08-08,0.0198463869790533,0.01984638697905339
2023-08-09,-0.0068771014170617,-0.006877101417061734
2023-08-10,-0.004471948989328,-0.004471948989328098
2023-08-11,-0.0016654945697048,-0.0010837469218066252
2023-08-14,0.0042776140747162,0.0003648772874082008
2023-08-15,-0.0081291201187537,-0.008129120118753778
2023-08-16,-0.0161935848387037,-0.016193584838703763
2023-08-17,-0.0736241200960619,-0.07362412009606191
2023-08-18,-0.005991074427638,-0.023334248653811243
2023-08-21,-0.0025019588646069,0.00285906650629039
2023-08-22,-0.0035464695192522,-0.0035464695192522202
2023-08-23,0.0152484555491608,0.015248455549160829
2023-08-24,-0.010239565761125,-0.01023956576112509
2023-08-25,-0.0009272964607971,-0.004393992436939317
2023-08-28,0.0006305878251208,0.0022426908796686455
2023-08-29,0.060249892570851,0.060249892570851026
2023-08-30,-0.0156342893713229,-0.015634289371322937
2023-08-31,-0.0513291454495893,-0.05132914544958933
2023-09-01,-0.0011504435961358,-0.005054814300673318
2023-09-05,-0.0012573014244295,-0.0008042615082999959
2023-09-06,-0.0010380138015933,-0.001038013801593385
2023-09-07,0.0187321055019505,0.01873210550195057
2023-09-08,-0.0052232011094816,-0.012831149860508746
2023-09-11,-0.0262618810674803,-0.029100334535416692
2023-09-12,0.0263051279529175,0.0263051279529175
2023-09-13,0.0151738529586858,0.015173852958685846
2023-09-14,0.0118008351309716,0.011800835130971608
2023-09-15,-6.891437714975869e-05,0.0025972414093191217
2023-09-18,0.0082605113897513,0.005456526848982933
2023-09-19,0.0169311026624323,0.016931102662432373
2023-09-20,-0.0029114788993918,-0.0029114788993918343
2023-09-21,-0.021020467716698,-0.021020467716698094
2023-09-22,-0.0039225544788254,0.0004491505408555205
2023-09-25,0.0015851607862177,-0.010631653191114124
2023-09-26,-0.0030935695955251,-0.003093569595525136
2023-09-27,0.0051537828527894,0.005153782852789497
2023-09-28,0.0250632062349595,0.02506320623495958
2023-09-29,0.0116631348022567,-0.004072674570297436
2023-10-02,-0.0163191457885158,0.022742933188551938
2023-10-03,-0.0036683170659445,-0.0036683170659445614
2023-10-04,0.0133777193024828,0.013377719302482879
2023-10-05,-0.0138906622558427,-0.013890662255842758
2023-10-06,0.0062533401084251,0.019171883788155934
2023-10-09,-0.0126593877279259,-0.013071251190806309
2023-10-10,-0.0070090060125914,-0.0070090060125914885
2023-10-11,-0.0190812208422717,-0.019081220842271783
2023-10-12,-0.0043453816471778,-0.00434538164717781
2023-10-13,0.0049812998191241,0.0039380057832304975
2023-10-16,0.0488543973047657,0.05986029097890797
2023-10-17,-0.0036433994327744,-0.0036433994327744555
2023-10-18,-0.0030807197496875,-0.0030807197496875486
2023-10-19,0.013724231161473,0.013724231161473081
2023-10-20,0.0144689662846217,0.03298576898255148
2023-10-23,0.0981234055291609,0.10854453540047479
2023-10-24,0.0243427517877734,0.024342751787773464
2023-10-25,0.017581001125127,0.017581001125127033
2023-10-26,-0.0100838184339324,-0.010083818433932462
2023-10-27,0.003705609307655,-0.007253169256571986
2023-10-30,-0.0010462557765204,0.01732374140301685
2023-10-31,0.0047829388016928,0.004782938801692802
2023-11-01,0.0219528756206894,0.021952875620689455
2023-11-02,-0.014181643038139,-0.014181643038139046
2023-11-03,0.0010584101405149,-0.005911206955145199
2023-11-06,-0.0003419870125084,0.00874445036418133
2023-11-07,0.0115264053036002,0.011526405303600254
2023-11-08,0.0059555252934752,0.005955525293475274
2023-11-09,0.0286922398244658,0.02869223982446583
2023-11-10,0.0032669737132813,0.01677834605033404
2023-11-13,-0.0150135370550292,-0.021990961965519196
2023-11-14,-0.0267843578397946,-0.02678435783979465
2023-11-15,0.0638461992762783,0.06384619927627835
2023-11-16,-0.0466297561906654,-0.046629756190665436
2023-11-17,0.0111673511141733,0.01214874696667944
2023-11-20,0.0024153344549947,0.023768640830835592
2023-11-21,-0.0453926219219483,-0.045392621921948366
2023-11-22,0.0201906950262011,0.04420138946783627
2023-11-24,0.001689658006047,0.007662881508198476
2023-11-27,-0.0060201767439216,-0.012434083649412868
2023-11-28,0.0153673136112338,0.015367313611233842
2023-11-29,0.0007241750284948,0.0007241750284948421
2023-11-30,-0.0038571889984724,-0.0038571889984724806
2023-12-01,0.0194469812579461,0.02555073011462817
2023-12-04,0.0488565668865632,0.08164678054577372
2023-12-05,0.04882523455973,0.04882523455973004
2023-12-06,-0.0076105157033984,-0.007610515703398493
2023-12-07,-0.0104271600369865,-0.010427160036986542
2023-12-08,0.0037290074388316,0.01998568323480024
2023-12-11,-0.0596686466968369,-0.06846730761514239
2023-12-12,0.0049916781642923,0.004991678164292342
2023-12-13,0.0341627495710368,0.03416274957103686
2023-12-14,0.0031014611592039,0.003101461159203954
2023-12-15,-0.0131101575562994,-0.025761678809584642
2023-12-18,0.0299796695117895,0.016410875652475943
2023-12-19,-0.0083165707186152,-0.008316570718615267
2023-12-20,0.0321647372447505,0.032164737244750545
2023-12-21,0.0049565656400486,0.0049565656400486135
2023-12-22,-0.0014632243903226,0.0029305657871948458
2023-12-26,-0.0253744795398311,-0.03415794288831648
2023-12-27,0.0214623912043401,0.021462391204340153
2023-12-28,-0.0189384832630336,-0.018938483263033618
2023-12-29,0.0088693744185139,-0.01247437935200907
2024-01-02,0.017742604013605,0.06569448103967031
2024-01-03,-0.0480649535787553,-0.04806495357875531
2024-01-04,0.0306073577182859,0.030607357718285957
2024-01-05,-0.0017916225911462,-0.0003900828451526924
2024-01-08,0.0666242663558736,0.06163948142758775
2024-01-09,-0.0178454171064382,-0.01784541710643821
2024-01-10,0.0105220327519483,0.01052203275194838
2024-01-11,-0.0055742411475225,-0.005574241147522551
2024-01-12,-0.0217091372015296,-0.07884262883299366
2024-01-16,0.0150113645058064,0.007017444532681498
2024-01-17,-0.0095997128258615,-0.009599712825861542
2024-01-18,-0.0352539060043804,-0.03525390600438047
2024-01-19,0.0022842254223545,0.008599127738074015
2024-01-22,-0.0503089102812547,-0.052055361752265265
2024-01-23,0.0085235842579221,0.008523584257922188
2024-01-24,0.0057937057279857,0.005793705727985713
2024-01-25,-0.0035811572894929,-0.003581157289492955
2024-01-26,0.017097810444302,0.04607657449481696
2024-01-29,0.0293644157369146,0.03458127257500397
2024-01-30,-0.0077837449899358,-0.007783744989935841
2024-01-31,-0.0086515528090469,-0.008651552809046921
2024-02-01,0.0115148902942397,0.011514890294239742
2024-02-02,-0.003830652396884,0.002552374530244358
2024-02-05,0.0017617075316479,-0.012282624189248628
2024-02-06,0.0099368047086992,0.009936804708699247
2024-02-07,0.0282286462102806,0.02822864621028068
2024-02-08,0.0219456712821148,0.021945671282114807
2024-02-09,0.0213213401206865,0.0399329954084116
2024-02-12,0.0338814785316512,0.057912503485299305
2024-02-13,-0.0043285887601175,-0.004328588760117502
2024-02-14,0.0410468495104089,0.041046849510408934
2024-02-15,0.0021560092291083,0.0021560092291083846
2024-02-16,-0.0007684815753398,0.0042584326097615645
2024-02-20,0.0097196793373194,0.0023873204261983054
2024-02-21,-0.0085609043152299,-0.00856090431522995
2024-02-22,-0.0103585476400142,-0.010358547640014263
2024-02-23,0.002770933794314,-0.011231806115512574
2024-02-26,0.0525111876569454,0.07205579515539999
2024-02-27,0.0459362164404731,0.045936216440473146
2024-02-28,0.0906952929770428,0.09069529297704289
2024-02-29,-0.0211224142700197,-0.02112241427001975
2024-03-01,0.010555707711782,0.0200954657884248
2024-03-04,0.0785670808490068,0.09013873819592814
2024-03-05,-0.0685829818149203,-0.06858298181492034
2024-03-06,0.0354997002008663,0.03549970020086634
2024-03-07,0.0123081400525153,0.012308140052515397
2024-03-08,0.0102711448420713,0.020331312236987975
2024-03-11,0.0439922985827462,0.05447442087197215
2024-03-12,-0.0089498360493478,-0.008949836049347838
2024-03-13,0.0221668990640754,0.02216689906407544
2024-03-14,-0.0233524614583823,-0.0233524614583823
2024-03-15,-0.014338135931229,-0.028308923292000562
2024-03-18,-0.0123885075543686,-0.02709399205605509
2024-03-19,-0.0871207318570082,-0.08712073185700822
2024-03-20,0.092510852968774,0.09251085296877404
2024-03-21,-0.0363186742262133,-0.03631867422621332
2024-03-22,0.0087543117213068,-0.02649844665215931
2024-03-25,0.0397250476948794,0.09248642951095928
2024-03-26,0.000414778606564,0.0004147786065640333
2024-03-27,-0.0076374445429517,-0.007637444542951766
2024-03-28,0.0066710334018242,0.018397189971880865
2024-04-01,-0.0231370023332579,-0.014850058697842
2024-04-02,-0.0629909043698857,-0.06299090436988572
2024-04-03,0.0081237430733199,0.00812374307331999
2024-04-04,0.0375988627118614,0.03759886271186141
2024-04-05,0.0041281071026342,-0.009845630418288566
2024-04-08,0.0321857940970219,0.054415745823213055
2024-04-09,-0.0354137612037884,-0.035413761203788405
2024-04-10,0.0207393012425347,0.020739301242534747
2024-04-11,-0.007497782584512,-0.00749778258451207
2024-04-12,-0.0212241728005701,-0.041748970181434676
2024-04-15,-0.0358109994965086,-0.0577345477167843
2024-04-16,0.0060619201772289,0.0060619201772289105
2024-04-17,-0.0405395853499448,-0.04053958534994488
2024-04-18,0.0358412020861476,0.03584120208614769
2024-04-19,0.0073391174289499,0.005195142876912206
2024-04-22,0.0290089017592759,0.04583111116921364
2024-04-23,-0.0064603984899146,-0.006460398489914604
2024-04-24,-0.0326063013162719,-0.03260630131627199
2024-04-25,0.0031812827691917,0.0031812827691917772
2024-04-26,-0.0071503831551757,-0.011328935219016097
2024-04-29,0.0114670917875564,0.0013448775410454074
2024-04-30,-0.0514946297165421,-0.051494629716542104
2024-05-01,-0.0400899234806571,-0.040089923480657194
2024-05-02,0.0148143925496977,0.014814392549697799
2024-05-03,0.0265806873147534,0.06175720649824811
2024-05-06,-0.0136673647637241,0.004317490682288359
2024-05-07,-0.0131819299956466,-0.01318192999564668
2024-05-08,-0.0185699862584938,-0.018569986258493817
2024-05-09,0.029977308604179,0.02997730860417905
2024-05-10,-0.0085765778719792,-0.036456454635488925
2024-05-13,0.0233714942378763,0.034098215257427476
2024-05-14,-0.0216740381115793,-0.021674038111579395
2024-05-15,0.0738042976614984,0.07380429766149847
2024-05-16,-0.0157557243971512,-0.015755724397151206
2024-05-17,0.005306606182179,0.027522834905047706
2024-05-20,0.0751090888252983,0.06350607246678794
2024-05-21,-0.0185288571822953,-0.01852885718229531
2024-05-22,-0.0145658695101849,-0.014565869510184994
2024-05-23,-0.0174065965877577,-0.017406596587757724
2024-05-24,0.0053342697472994,0.008743394668047938
2024-05-28,-0.0159539990459575,-0.0033603147248077855
2024-05-29,-0.0105705290938477,-0.010570529093847765
2024-05-30,0.0115770099062721,0.011577009906272178
2024-05-31,-0.003004261568476,-0.012860492770805693
2024-06-03,0.0154251386581295,0.01927284672350727
2024-06-04,0.0253002252489253,0.025300225248925362
2024-06-05,0.0072722178166028,0.007272217816602819
2024-06-06,-0.0045918902720176,-0.0045918902720176475
2024-06-07,-0.0052666391974026,-0.020194557079892095
2024-06-10,-0.0019504270460231,0.0024442124416611368
2024-06-11,-0.0318673749178795,-0.03186737491787959
2024-06-12,0.013412234174301,0.013412234174301008
2024-06-13,-0.0219981554211618,-0.021998155421161833
2024-06-14,-0.0005864847559007,-0.011227334405387725
2024-06-17,-0.0022346697987336,0.007233210338951794
2024-06-18,-0.0116398796992393,-0.020505771883152002
2024-06-20,-0.0020285342777122,-0.004802521793038954
2024-06-21,-0.0085824412059709,-0.011362664075990998
2024-06-24,-0.0470429339934126,-0.06142759353533457
2024-06-25,0.0250209785898575,0.025020978589857558
2024-06-26,-0.0162031982640604,-0.016203198264060435
2024-06-27,0.0129645478634577,0.01296454786345771
2024-06-28,0.0057584602626019,-0.021073812008611803
2024-07-01,0.0027672625269042,0.04111645532332164
2024-07-02,-0.0131801760562906,-0.01318017605629068
2024-07-03,-0.0424711257304826,-0.030363202506616574
2024-07-05,-0.0066688131349945,-0.06012865679510065
2024-07-08,0.015210533790654,0.0007537022264223308
2024-07-09,0.0227379641121488,0.022737964112148894
2024-07-10,-0.0046086733698468,-0.0046086733698468725
2024-07-11,-0.0069092459782688,-0.006909245978268808
2024-07-12,0.0194349460212306,0.009623984558104185
2024-07-15,0.0649986203949803,0.11367947390056832
2024-07-16,0.0034931297826731,0.0034931297826731934
2024-07-17,-0.0151432424548232,-0.01514324245482322
2024-07-18,-0.0022597141603525,-0.0022597141603525025
2024-07-19,0.0210999139427037,0.041879420109635544
2024-07-22,-0.0083877666901128,0.013032555028362817
2024-07-23,-0.0248315035462847,-0.024831503546284737
2024-07-24,-0.008462196557576,-0.008462196557576013
2024-07-25,0.0061776136799459,0.006177613679945953
2024-07-26,0.0123299063122431,0.03193999219319689
2024-07-29,-0.0212622456640866,-0.016212518920554198
2024-07-30,-0.0093053462306732,-0.009305346230673276
2024-07-31,-0.0241834505774866,-0.024183450577486682
2024-08-01,0.0113598461110431,0.011359846111043197
2024-08-02,-0.039138127793722,-0.06221701386487153
2024-08-05,-0.0736319858212006,-0.12882935533749532
2024-08-06,0.0371384650991169,0.03713846509911699
2024-08-07,-0.0181319456214236,-0.018131945621423673
2024-08-08,0.1146158574329579,0.11461585743295792
2024-08-09,-0.0165588682154951,-0.013541633552667406
2024-08-12,0.0107565996406079,-0.0253783714532102
2024-08-13,0.020924539277115,0.02092453927711503
2024-08-14,-0.0313783013916643,-0.0313783013916643
2024-08-15,-0.0202448620971359,-0.02024486209713598
2024-08-16,0.0053076776040443,0.022911430101342656
2024-08-19,0.017113663556006,0.010125266266796553
2024-08-20,-0.0081120246047573,-0.008112024604757306
2024-08-21,0.0359874877747518,0.035987487774751865
2024-08-22,-0.0130521141055434,-0.013052114105543453
2024-08-23,0.0211305115878513,0.05966667778992524
2024-08-26,-0.0228425120791344,-0.01911765510550575
2024-08-27,-0.0551928775609079,-0.05519287756090793
2024-08-28,-0.0080402145092669,-0.00804021450926693
2024-08-29,0.0060896567427389,0.006089656742738993
2024-08-30,-0.0011632834611708,-0.004534788620027655
2024-09-03,-0.0288574422367031,-0.028975787461358694
2024-09-04,0.0093675489668366,0.009367548966836616
2024-09-05,-0.0317387301454916,-0.031738730145491646
2024-09-06,-0.0079216788845557,-0.04017885990554018
2024-09-09,0.0389455136654467,0.05535933691731959
2024-09-10,0.0109739551593939,0.010973955159393974
2024-09-11,-0.005314110423381,-0.005314110423381013
2024-09-12,0.0135766976294007,0.013576697629400721
2024-09-13,0.0060003642797634,0.0411907229072504
2024-09-16,-0.0168749516561809,-0.040064581724141055
2024-09-17,0.0357170886607077,0.035717088660707746
2024-09-18,0.0219943305683947,0.02199433056839477
2024-09-19,0.0207211190539162,0.020721119053916288
2024-09-20,0.0037299731506377,0.0040040116474054175
2024-09-23,-0.0050230676430797,0.0021628401614280242
2024-09-24,0.0152342441721866,0.015234244172186632
2024-09-25,-0.0181859645588886,-0.01818596455888868
2024-09-26,0.031764030655624,0.03176403065562404
2024-09-27,0.0023151391089418,0.009309629648678252
2024-09-30,-0.035762477049568,-0.03812668937142083
2024-10-01,-0.0401529704172501,-0.04015297041725014
2024-10-02,-0.0033625289659382,-0.0033625289659382266
2024-10-03,0.0020860853737759,0.0020860853737759526
2024-10-04,0.0111116626531351,0.021300283559387175
2024-10-07,-0.009312611593072,0.0027220928069463233
2024-10-08,-0.0016835665376192,-0.0016835665376192953
2024-10-09,-0.0252611554684642,-0.025261155468464205
2024-10-10,-0.0050903669759527,-0.005090366975952731
2024-10-11,0.0139545611877817,0.03537847936044716
2024-10-14,0.0495805492882901,0.05606575349118819
2024-10-15,0.0149526424220397,0.014952642422039789
2024-10-16,0.0084901085474491,0.008490108547449185
2024-10-17,-0.0031535287872272,-0.0031535287872272158
2024-10-18,0.0078295345033589,0.01500489704966544
2024-10-21,-0.0239632629213024,-0.015479556460891218
2024-10-22,-9.56779931777652e-05,-9.56779931777652e-05
2024-10-23,-0.0138904382136989,-0.013890438213698968
2024-10-24,0.0256915479674531,0.02569154796745315
2024-10-25,-0.0011353145606594,-0.02253213347279499
2024-10-28,0.0287092151025569,0.04783540489337374
2024-10-29,0.0394465905777621,0.03944659057776213
2024-10-30,-0.0052523634181871,-0.00525236341818716
2024-10-31,-0.0298062208969249,-0.029806220896924952
2024-11-01,-0.0070723700441858,-0.010490161236778449
2024-11-04,-0.0136156113622657,-0.02434256025804483
2024-11-05,0.0225721124909319,0.022572112490931908
2024-11-06,0.086669031268464,0.08666903126846402
2024-11-07,0.0035076496874788,0.0035076496874788744
2024-11-08,0.019485258364165,0.008404323339316332
2024-11-11,0.0973401431249626,0.14739159487814155
2024-11-12,-0.0084420662691067,-0.008442066269106777
2024-11-13,0.0294448504877614,0.02944485048776148
2024-11-14,-0.0374969223188113,-0.03749692231881138
2024-11-15,0.0097709852023298,0.04280211829142622
2024-11-18,0.0077254654060753,-0.005763697278361139
2024-11-19,0.0196975431836517,0.019697543183651734
2024-11-20,0.0213814449984325,0.021381444998432572
2024-11-21,0.0432046373822123,0.04320463738221239
2024-11-22,-0.0016653467027512,0.004991722095061175
2024-11-25,-0.0514096372932904,-0.061397399496605415
2024-11-26,-0.012069852534281,-0.012069852534281012
2024-11-27,0.019546251650912,0.04232881330495687
2024-11-29,0.0056232480208,0.015499852904074699
2024-12-02,-0.0146471197983608,-0.016513538643168194
2024-12-03,0.0014266034685602,0.0014266034685602644
2024-12-04,0.0284083108720061,0.028408310872006196
2024-12-05,-0.0222668653122218,-0.022266865312221884
2024-12-06,0.0156474666907909,0.03386480176780916
2024-12-09,-0.0382925034662132,-0.02521490516164955
2024-12-10,-0.0078027935539879,-0.007802793553987951
2024-12-11,0.0454729495707632,0.04547294957076326
2024-12-12,-0.0112321381496044,-0.011232138149604486
2024-12-13,0.0138862531251362,0.014057223472297039
2024-12-16,0.0164605674430301,0.0440621033461418
2024-12-17,0.0010452246330361,0.0010452246330361938
2024-12-18,-0.0591791546537701,-0.059179154653770175
2024-12-19,-0.0258259051251425,-0.025825905125142587
2024-12-20,-0.0082595660003172,0.002714273553183173
2024-12-23,-0.0044121754491209,-0.031905147003256
2024-12-24,0.0237843778155082,0.041273994068279446
2024-12-26,-0.0359215932968037,-0.029626831734066612
2024-12-27,-0.0079770704422147,-0.01716880486495554
2024-12-30,-0.0095289891917289,-0.01629139565341782
2024-12-31,0.0094973382549094,0.00844829005287248
2025-01-02,0.0257937106935461,0.03634009715049241
2025-01-03,0.0048773838284409,0.01251903875349227
2025-01-06,0.0375618565168178,0.039674969248648585
2025-01-07,-0.0518242829786952,-0.05182428297869528
2025-01-08,-0.0234388534378006,-0.019578857696565647
2025-01-10,0.0071471311874323,-0.003605583549876471
2025-01-13,0.000297197889065,-0.001954674177796992
2025-01-14,0.0211210930715595,0.02112109307155958
2025-01-15,0.040306661406227,0.04030666140622702
2025-01-16,-0.0074661359209996,-0.007466135920999606
2025-01-17,0.0055999710349553,0.046087453886957834
2025-01-21,0.0396818342587629,0.01599426451162666
2025-01-22,-0.0237685469930422,-0.023768546993042258
2025-01-23,0.0029584026842157,0.002958402684215798
2025-01-24,-0.0041220532860489,0.00823181116278129
2025-01-27,-0.0058095778514481,-0.026407548872376257
2025-01-28,-0.0074251676153959,-0.007425167615395995
2025-01-29,0.0231261207465303,0.023126120746530303
2025-01-30,0.0099031811077267,0.009903181107726793
2025-01-31,-0.0232158454502288,-0.022500491172309005
2025-02-03,0.0373378366646468,-0.009809208513730521
2025-02-04,-0.0354678933406194,-0.03546789334061943
2025-02-05,-0.0129200487537533,-0.012920048753753386
2025-02-06,-0.0002292695179964,-0.00022926951799646017
2025-02-07,-0.0003217894786096,-0.0006649766736617645
2025-02-10,0.0096677282279949,0.009367336465827644
2025-02-11,-0.017497924369383,-0.01749792436938306
2025-02-12,0.0220883159193474,0.022088315919347463
2025-02-13,-0.0129763165895201,-0.012976316589520155
2025-02-14,-0.0022102444673346,0.009118577917229297
2025-02-18,-0.0024445399934847,-0.020404095780052752
2025-02-19,0.0114070351899248,0.01140703518992484
2025-02-20,0.0174219113580324,0.01742191135803241
2025-02-21,-0.0070572434907968,-0.02271409470424543
2025-02-24,-0.0517532055364913,-0.050210841304636246
2025-02-25,-0.0297766693549972,-0.029776669354997204
2025-02-26,-0.0507280862209708,-0.05072808622097089
2025-02-27,0.0042259806609508,0.00422598066095089
2025-02-28,0.0355892784417946,-0.003917962993897036
2025-03-03,-0.090822704829456,0.019863093489824884
2025-03-04,0.0133482006343723,0.013348200634372372
2025-03-05,0.0382554190530362,0.03825541905303624
2025-03-06,-0.0073299315153257,-0.007329931515325766
2025-03-07,-0.0366242594803213,-0.0364383782693103
2025-03-10,-0.0260053559872769,-0.0994397561589308
2025-03-11,0.0536729340651247,0.05367293406512474
2025-03-12,0.0103269598158153,0.010326959815815329
2025-03-13,-0.0322337677609114,-0.032233767760911476
2025-03-14,0.0061638083616669,0.03517658147592443
2025-03-17,0.0179536985740853,0.0012685421831619699
2025-03-18,-0.0162741576821944,-0.01627415768219446
2025-03-19,0.048787879453061,0.048787879453061046
2025-03-20,-0.0314259156183106,-0.0314259156183106
2025-03-21,0.0073913743101158,-0.0014737866362900664
2025-03-24,0.016647018673748,0.040294928240385657
2025-03-25,-0.0003110343685901,-0.0003110343685901033
2025-03-26,-0.0065471570368691,-0.006547157036869115
2025-03-27,0.0031735085032361,0.0031735085032361422
2025-03-28,-0.0190503990360564,-0.032929565500329085
2025-03-31,0.002600512811616,-0.021621118796224338
2025-04-01,0.0312485205315683,0.03124852053156838
2025-04-02,-0.0320144583229852,-0.03201445832298525
2025-04-03,0.007453656492041,0.007453656492041082
2025-04-04,-0.0202079604958875,0.008876865806506007
2025-04-07,0.012967507560798,-0.056533239733370516
2025-04-08,-0.0381170762617496,-0.03811707626174969
2025-04-09,0.079389009442381,0.07938900944238107
2025-04-10,-0.0363518545774045,-0.0363518545774045
2025-04-11,0.0165723437156566,0.04636385379527456
2025-04-14,0.010193602875445,0.013546780227140327
2025-04-15,-0.0103846276257749,-0.010384627625774925
2025-04-16,0.0043514532442251,0.004351453244225117
2025-04-17,0.0033699754455458,0.010204134780153822
2025-04-21,0.0271550412785429,0.030430808280572652
2025-04-22,0.0654849109954958,0.06548491099549585
2025-04-23,0.0027489316822658,0.0027489316822658697
2025-04-24,0.0026080137382399,0.0026080137382399186
2025-04-25,-0.0006711225618539,0.008233751969906927
2025-04-28,0.0129698521864596,0.0027227325309909247
2025-04-29,-0.0073333094254447,-0.0073333094254447225
2025-04-30,-0.0008220669855229,-0.0008220669855229902
2025-05-01,0.0239657788961881,0.023965778896188162
2025-05-02,-0.0076043289483816,0.004319853436324106
2025-05-05,0.0045707147400871,-0.022562125541381643
2025-05-06,0.021451265529472,0.021451265529472022
2025-05-07,0.0023715438242239,0.002371543824223951
2025-05-08,0.0620264035337455,0.062026403533745514
2025-05-09,0.0027808457385026,-0.002624571996284568
2025-05-12,-0.0125017146072706,-0.00153460539547827
2025-05-13,0.0131110318075239,0.013111031807523908
2025-05-14,-0.0060700276394064,-0.006070027639406428
2025-05-15,0.0019801487371228,0.0019801487371228356
2025-05-16,0.008568462183511,-0.002464381118651062
2025-05-19,-0.0079209983726465,0.020248769296537666
2025-05-20,0.0111575687100767,0.011157568710076757
2025-05-21,0.026675054496876,0.026675054496876065
2025-05-22,0.0180279639423643,0.01802796394236439
2025-05-23,-0.0050494168649259,-0.04006256233899459
2025-05-27,-0.0040810965752039,0.01578379830408661
2025-05-28,-0.010999457493792,-0.010999457493792041
2025-05-29,-0.0202455280092545,-0.020245528009254558
2025-05-30,3.263622217533508e-05,-0.015676574887611795
2025-06-02,0.0021692037754339,0.017943687329571502
2025-06-03,-0.0042501980559301,-0.004250198055930138
2025-06-04,-0.0066660841880305,-0.006666084188030525
2025-06-05,-0.0305977318470371,-0.030597731847037197
2025-06-06,0.0135612195532733,0.02733035306445883
2025-06-09,0.0416599645648678,0.05501327016022896
2025-06-10,-0.0003343184269246,-0.00033431842692466013
2025-06-11,-0.0143473886097261,-0.01434738860972619
2025-06-12,-0.0256991668453318,-0.02569916684533185
2025-06-13,-0.0011885433685082,0.0015273471943905203
2025-06-16,0.0117236239769892,0.0066306466770740015
2025-06-17,-0.0207733363618136,-0.020773336361813687
2025-06-18,0.0003974088822954,0.0026943395038619066
2025-06-20,-0.0119852872388179,-0.01511825151021015
2025-06-23,0.0444546821160779,0.021717550170563333
2025-06-24,0.0044216293985873,0.004421629398587352
2025-06-25,0.0123298892885524,0.012329889288552448
2025-06-26,-0.0037444562002865,-0.00374445620028651
2025-06-27,0.0044133440509681,0.00120000602760066
2025-06-30,-0.0116021078522049,0.0004379182730987609
2025-07-01,-0.013504224993731,-0.013504224993731051
2025-07-02,0.029467777201357,0.02946777720135706
2025-07-03,0.0008545737681093,0.007218611789243165
2025-07-07,-0.0085709209824796,-0.012371237699285711
2025-07-08,0.0059877877476887,0.005987787747688724
2025-07-09,0.0215762452748819,0.021576245274881944
2025-07-10,0.0410120507184264,0.04101205071842649
2025-07-11,0.0088729749682603,0.013103070357299034
2025-07-14,0.0061396917849245,0.019655546332406876
2025-07-15,-0.0174438858577922,-0.017443885857792257
2025-07-16,0.0081290639509498,0.008129063950949825
2025-07-17,0.0046325315439855,0.0046325315439855776
2025-07-18,-0.0056049036491599,-0.010844225617985717
2025-07-21,0.0011821574696331,-0.0047883278598608164
2025-07-22,0.0215298859239866,0.021529885923986695
2025-07-23,-0.010391307548023,-0.010391307548023082
2025-07-24,-0.0032638027078905,-0.0032638027078905844
2025-07-25,0.0030289450275691,-0.0062043007703418435
2025-07-28,-0.0128408603045219,0.0024502755485273984
2025-07-29,-1.974270354787984e-05,-1.9742703547879838e-05
2025-07-30,-0.0007716619716275,-0.0007716619716275345
2025-07-31,-0.017749425967369,-0.01774942596736902
2025-08-01,-0.0044658431901893,-0.0212871264623786
2025-08-04,0.0074509708093231,0.01534056770113369
2025-08-05,-0.0081185733668208,-0.008118573366820805
2025-08-06,0.0077371493304794,0.007737149330479471
2025-08-07,0.0212363599711319,0.021236359971131914
2025-08-08,0.005095345358935,-0.006902004196733544
2025-08-11,-0.0048337923295876,0.017354247943951146
2025-08-12,0.0120674104129617,0.012067410412961721
2025-08-13,0.0260461153103014,0.02604611531030144
2025-08-14,-0.0412504432416683,-0.04125044324166835
2025-08-15,-0.0025628258325218,-0.008154397097906272
2025-08-18,-0.0102758489477457,-0.009809929347405015
2025-08-19,-0.0298702202052192,-0.029870220205219213
2025-08-20,0.0127128516068693,0.012712851606869349
2025-08-21,-0.0163723278465066,-0.016372327846506683
2025-08-22,0.0030677570915775,0.03886392642477823
2025-08-25,-0.0298263155288318,-0.05948697067887765
2025-08-26,0.015125123339528,0.01512512333952803
2025-08-27,-0.0052065534692693,-0.00520655346926939
2025-08-28,0.0118226403333176,0.011822640333317674
2025-08-29,-0.0074267843759529,-0.03742335971466304
2025-09-02,0.0176913822811821,0.025407604492033505
2025-09-03,0.0046888305764054,0.004688830576405435
2025-09-04,-0.0089874616977683,-0.00898746169776838
2025-09-05,0.0013340357199829,-0.0006560571512495267
2025-09-08,0.0080973060130383,0.012755470324236696
2025-09-09,-0.0048379166926996,-0.004837916692699648
2025-09-10,0.0215082708918205,0.02150827089182057
2025-09-11,0.0135290138245721,0.013529013824572132
2025-09-12,-0.0002883679687232,0.005129680319349263
2025-09-15,0.0003224461098256,-0.005672338115693464
2025-09-16,0.0120396147406812,0.012039614740681204
2025-09-17,-0.0032118407874519,-0.003211840787451935
2025-09-18,0.0057250067751224,0.005725006775122414
2025-09-19,-0.0052518822986743,-0.012441583362179643
2025-09-22,-0.0224305333197482,-0.02574459685359166
2025-09-23,-0.0065314166152441,-0.006531416615244119
2025-09-24,0.0116635256971231,0.011663525697123141
2025-09-25,-0.0384918796436155,-0.038491879643615556
2025-09-26,0.0092644348465313,0.00606632543055882
2025-09-29,0.0201111474090779,0.04183812651811283
2025-09-30,-0.0030141158842399,-0.0030141158842399056
2025-10-01,0.039478652767795,0.03947865276779501
2025-10-02,0.016983874858595,0.016983874858595087
2025-10-03,0.0077324783776217,0.013050507216426515
2025-10-06,0.0099817529287131,0.02012868084515184
2025-10-07,-0.0268179837651983,-0.02681798376519831
2025-10-08,0.0155512593053872,0.015551259305387295
2025-10-09,-0.0134604023670505,-0.01346040236705057
2025-10-10,-0.0183992118454993,-0.07232182184699049
2025-10-13,0.000879292966289,0.018003479276781486
2025-10-14,-0.0188491634455942,-0.01884916344559421
2025-10-15,-0.0208625782908984,-0.020862578290898413
2025-10-16,-0.0237224847831796,-0.02372248478317967
2025-10-17,0.0014777236695417,-0.016009839805348834
2025-10-20,0.0175344907383394,0.03797750155231332
2025-10-21,-0.019282830173496,-0.019282830173496076
2025-10-22,-0.0072935622708187,-0.007293562270818725
2025-10-23,0.0218704444247777,0.021870444424777702
2025-10-24,0.0130733663075614,0.008721714285261932
2025-10-27,-0.0030895028553826,0.027408881782039665
2025-10-28,-0.0102448240868119,-0.010244824086811922
2025-10-29,-0.0260168054657663,-0.02601680546576632
2025-10-30,-0.0160266389546195,-0.01602663895461955
2025-10-31,0.0071073092006993,0.01148096119628519
2025-11-03,-0.0376871829010099,-0.02784621649519701
2025-11-04,-0.0476408575376077,-0.04764085753760775
2025-11-05,0.0224000613217487,0.022400061321748738
2025-11-06,-0.0252511824918507,-0.025251182491850755
2025-11-07,0.0110625178180712,0.02023892596873405
2025-11-10,0.0121202693364623,0.02506889682194238
2025-11-11,-0.0287025464768418,-0.028702546476841843
2025-11-12,-0.0130391466426769,-0.013039146642676998
2025-11-13,-0.0195247429765854,-0.019524742976585432
2025-11-14,-0.0189879010332555,-0.05462287113659148
2025-11-17,-0.0223683827163435,-0.02470921467951883
2025-11-18,0.0092411735633055,0.009241173563305538
2025-11-19,-0.0160823776998089,-0.016082377699808928
2025-11-20,-0.0542991431316111,-0.05429914313161118
2025-11-21,0.0006654079043433,-0.017950490472289502
2025-11-24,0.0167423578108394,0.036689071996159194
2025-11-25,-0.0105764769567544,-0.01057647695675446
2025-11-26,0.0220801970109159,0.03572258791333639
2025-11-28,-0.0032697459914996,0.0044191393340756715
2025-12-01,-0.046101838054076,-0.05189240925415531
2025-12-02,0.0566209938703037,0.05662099387030378
2025-12-03,0.0235582620118316,0.023558262011831657
2025-12-04,-0.0149319728659321,-0.014931972865932171
2025-12-05,-0.0063400446040726,-0.030343059975675362
2025-12-08,0.0025911959798138,0.013914122143271333
2025-12-09,0.0223811926981977,0.022381192698197744
2025-12-10,-0.0072628328466358,-0.007262832846635849
2025-12-11,0.0053149701081481,0.0053149701081481185
2025-12-12,-0.0160018912381435,-0.024521421452147512
2025-12-15,-0.0201089147130883,-0.043593166975371425
2025-12-16,0.0163457369350781,0.016345736935078115
2025-12-17,-0.0195448330408544,-0.019544833040854463
2025-12-18,-0.0079397284977681,-0.007939728497768105
2025-12-19,0.012099846052495,0.030433154968407768
2025-12-22,-0.001487584958889,0.004378798230188436
2025-12-23,-0.0122342749529535,-0.012234274952953525
2025-12-24,-0.001026390875782,0.002262076104062497
2025-12-26,0.0022889668020362,-0.003550689574303635
2025-12-29,-0.0079748888825797,-0.0018721567577940656
2025-12-30,0.0147180978087909,0.01471809780879094
2025-12-31,0.0017038171556251,-0.010473099349299821
2026-01-02,0.0099242232349833,0.027455303790744772
2026-01-05,0.0266514983813646,0.042849597956119596
2026-01-06,-0.0016366097114998,-0.00163660971149983
2026-01-07,-0.0261689672501516,-0.026168967250151644
2026-01-08,-0.0030814668927555,-0.003081466892755565
2026-01-09,-0.0007319553026372,-0.005662930149506993
2026-01-12,0.0040163809626806,0.007483445204275835
2026-01-13,0.0442802850314782,0.044280285031478225
2026-01-14,0.016723797821879,0.016723797821879046
2026-01-15,-0.0143200382747562,-0.014320038274756287
2026-01-16,-0.0079685575074007,-0.00027287855188963723
2026-01-20,-0.0469242550548211,-0.07852560653253432
2026-01-21,0.0119993277601487,0.011999327760148783
2026-01-22,0.0009560777691027,0.0009560777691027553
2026-01-23,-0.0109466848848103,0.00046290133092210693
2026-01-26,0.0193889405513137,-0.013914015434039377
2026-01-27,0.009420276564581,0.00942027656458104
2026-01-28,0.0009198645005418,0.0009198645005418251
2026-01-29,-0.053227949504083,-0.053227949504083015
2026-01-30,-0.0313355362829157,-0.005132847429550004
2026-02-02,0.0220269081578216,-0.06684685326137589
2026-02-03,-0.0396004693749769,-0.03960046937497693
2026-02-04,-0.0351706159417589,-0.035170615941758965
2026-02-05,-0.1523344080304475,-0.1523344080304475
2026-02-06,0.037958338168491,0.118003181433477
2026-02-09,-0.0020507154219692,-0.006178882349973047
2026-02-10,-0.0191032375898973,-0.01910323758989731
2026-02-11,-0.0265432212123745,-0.026543221212374526
2026-02-12,-0.011562368274835,-0.01156236827483507
2026-02-13,0.0097051112085938,0.03903376935715579
2026-02-17,-0.0197888733002862,-0.020002197823066673
2026-02-18,-0.0159636322602148,-0.015963632260214883
2026-02-19,0.0079801259947047,0.007980125994704771
2026-02-20,0.0034759056953285,0.015528995656632263
2026-02-23,-0.0460126731356427,-0.0511139517062893
2026-02-24,-0.0083405104387447,-0.00834051043874472
2026-02-25,0.0587881628108732,0.05878816281087323
2026-02-26,-0.0074786108124004,-0.007478610812400483
2026-02-27,-0.0085879451513395,-0.023580345399758597
2026-03-02,0.0451739987422587,0.04299050868799898
2026-03-03,-0.0070359214012543,-0.007035921401254354
2026-03-04,0.0626701105436228,0.06267011054362281
2026-03-05,-0.026047184090688,-0.026047184090688055
2026-03-06,-0.0237476387728969,-0.03892676222985379
2026-03-09,0.0362108831336739,0.0038947290448369263
2026-03-10,0.0220430630536829,0.022043063053682945
2026-03-11,0.0039671408310243,0.003967140831024369
2026-03-12,0.0041020885103588,0.004102088510358853
2026-03-13,0.0106858165500922,0.006712861238543366
2026-03-16,0.0280568061089276,0.05340139452066107
2026-03-17,-0.012617278563279,-0.012617278563279094
2026-03-18,-0.0368841742334174,-0.03688417423341742
2026-03-19,-0.0188841610476273,-0.01888416104762736
2026-03-20,-0.0100065980232179,0.008684431647448684
2026-03-23,0.044251193034697,0.005546967317594557
2026-03-24,-0.0056139915316955,-0.005613991531695598
2026-03-25,0.0111689244808132,0.011168924480813245
2026-03-26,-0.0359529188074161,-0.03595291880741613
2026-03-27,-0.0140368336993488,-0.03631346968520713
2026-03-30,0.0111051817312093,0.005308150318369818
2026-03-31,0.0228562101625793,0.022856210162579323
2026-04-01,-0.0022706442540199,-0.002270644254019965
2026-04-02,0.0032954685685007,-0.017634149228875802
2026-04-06,-0.0017711667933321,0.029044856709546877
2026-04-07,0.0437692500886501,0.043769250088650125
2026-04-08,-0.0114263865929017,-0.011426386592901714
2026-04-09,0.0090204739879136,0.00902047398791368
2026-04-10,-0.0047452063812634,0.01673607145352826
2026-04-13,0.0513922577822332,0.02042056718491473
2026-04-14,-0.0040766706589971,-0.004076670658997154
2026-04-15,0.0083695046837294,0.00836950468372944
2026-04-16,0.0046287244870706,0.004628724487070657
2026-04-17,-0.0057974949976746,0.025937296578403095
2026-04-20,0.026932597272259,-0.01639718429916822
2026-04-21,0.0063097475019448,0.006309747501944813
2026-04-22,0.0239449523733436,0.02394495237334366
2026-04-23,0.0008417038623198,0.0008417038623198857
2026-04-24,0.0016508227358269,-0.010449855400701123
2026-04-27,-0.0165479947079337,-0.0011456710997517
